2019-10-30 18:08:38,@Icfcsam The almighty Burton,--
2019-10-30 18:04:56,"@JPA_Kennedy @dlrcc Cllr, would there be any progress on air pollution monitors for villages in DLR? Particularly t‚Ä¶ https://t.co/OdUufdvLE5",--
2019-10-30 18:02:14,"Halloween Bonfires

Bonfire burning is a serious threat to public health &amp; the environment, &amp; can contain hazardous‚Ä¶ https://t.co/gbfbEHbvVI",--
2019-10-30 18:00:00,Bioenergy: ‚ÄòThe next decade cannot be a missed opportunity‚Äô @AgrilandIreland https://t.co/XdXqvkYfDe,--
2019-10-30 17:59:19,@AriyoAdeniyi3 @thegyth @vanessa_vash @GretaThunberg Absolutely. If we switch from fossil fuels to renewables at th‚Ä¶ https://t.co/ZJdHRX0sCs,--
2019-10-30 17:51:47,Motions I submitted this evening to seek better air quality monitoring - especially along M50 - were agreed unanimo‚Ä¶ https://t.co/H4inGGIaWo,--
2019-10-30 17:46:11,"Simple tips on Going Green this Halloween from CRNI Member @socialrecycle üéÉHappy Halloween!
üëâhttps://t.co/t6U0kEJcoR https://t.co/Hhgya30R6B",--
2019-10-30 17:35:36,Fantastic to see the #reuse creativity of secondary students via the @westmeathcoco #ReuseMonth Relove Fashion Comp‚Ä¶ https://t.co/XVFlclOfSe,--
2019-10-30 17:34:52,The largest wind energy project in Ireland is being proposed off the Cork coast https://t.co/0trwOpwPn7,--
2019-10-30 17:30:01,Major investments in renewable energy are a critical step to address Amazon‚Äôs carbon footprint globally. Find out h‚Ä¶ https://t.co/mb62716nFe,--
2019-10-30 17:28:28,@mikepiyp @RayGarciahawaii @lfh1744 She was being sarcastic about trump not believing in climate change with a guy‚Ä¶ https://t.co/kcU7ydFOvs,--
2019-10-30 17:23:03,"Finding things to #ResueEveryday @CarlowLibraries !
Lots of little &amp; big hands learning to #remake #reuse &amp;‚Ä¶ https://t.co/uLPJ30odJk",--
2019-10-30 17:20:58,"Can we bring back the concept of sexual imagery being artistic? It may just be my environment, but something being‚Ä¶ https://t.co/DpCngsr4f4",--
2019-10-30 17:15:17,"A big thanks to our local @SVP_Ireland who loaned their mannequins for the display. 

#ReuseMonth #Upcycling‚Ä¶ https://t.co/cJ2l4XMnCO",--
2019-10-30 17:15:13,"A great example of what #ReuseMonth is all about: Reuse at Home, at Work, at Play. 

#SustainableFashion #Upcycling‚Ä¶ https://t.co/uM7lJkoyFC",--
2019-10-30 17:10:21,What if the solution to climate change is @MeghanMcCain letting someone finish a sentence?,--
2019-10-30 17:10:16,"National Reuse Month is almost over but many of the simple habits can and should be used year-round such as:

-Refi‚Ä¶ https://t.co/6rDbK9oDV8",--
2019-10-30 17:01:21,"Protecting our #NaturalResources, the conservation of #biodiversity and addressing #ClimateChange are some of the m‚Ä¶ https://t.co/VXLbGDHKN7",--
2019-10-30 16:56:40,"I love the Irish environment which is why plants &amp; animals are frequent in my work. At the moment I have a buy one,‚Ä¶ https://t.co/UNcXOFnJzk",--
2019-10-30 16:56:24,If you are really committed to the environment you can replace your front lawn with a wild flower meadow. It‚Äôs an i‚Ä¶ https://t.co/w9uXh0lqjl,--
2019-10-30 16:56:20,"The environment really matters to me as I worked on the conservation of wildlife &amp; plants in Ireland, Wales &amp; Scotl‚Ä¶ https://t.co/9pAvqrg2Rc",--
2019-10-30 16:56:10,"#Meteora, #Greece, has been named a UNESCO World Heritage Site for a reason: here",--
2019-10-30 16:49:02,"Develop your skills in #CustomerCare #GeneralAdmin and #Computers in a supportive learning environment, apply for t‚Ä¶ https://t.co/PCmmGuXaF8",--
2019-10-30 16:42:23,"‚ÄòIf the fashion industry were a country, its emissions would rank almost as highly as entire European continent.‚Äô‚Ä¶ https://t.co/i46jEXbI3P",--
2019-10-30 16:39:22,@boggywood @rte @rtenews @LeoVaradkar @Paschald @merrionstreet @NiallCollinsTD Climate change deniers - still lying‚Ä¶ https://t.co/rfst6qXrpT,--
2019-10-30 16:38:30,If FG and indeed the EU were serious about fighting climate change and the biodiversity crisis then they would have‚Ä¶ https://t.co/JiFOpPqzTF,--
2019-10-30 16:35:17,@SpeakerPelosi Botox face it was started by a tree hitting a wire.   Not exactly global warming,--
2019-10-30 16:34:32,"Have a safe and happy #Halloween!
‚ö†Ô∏èPlease listen to the important message form our #Environment team at Longford C‚Ä¶ https://t.co/FwvBke1VQp",--
2019-10-30 16:31:31,"Panel: Financial return with positive social, environmental impact #makewaves 
@responsibleinno https://t.co/7phSCLFgWP",--
2019-10-30 16:25:25,"@thetimesIE Fantastic to see that Ireland continues to offer an excellent, supportive environment for start-ups!",--
2019-10-30 16:10:02,Most of Cork city to be underwater by 2050? The climate change forecasts aren,--
2019-10-30 16:08:56,"Experts: Overnight switch to environmentally friendly petrol would give same climate benefits as 100,000 electric v‚Ä¶ https://t.co/SDJ0oJaawh",--
2019-10-30 16:06:03,@Alanjcoffey @inkling_micko @udippy @floydruns @Marchick19 @GaryJk64 @rtenews @Shane_RossTD motorists who use their‚Ä¶ https://t.co/1d06co2Gl4,--
2019-10-30 16:04:36,"Ireland is a stunningly beautiful country. It has UNESCO World Heritage sites, dramatic seascapes and breathtaking‚Ä¶ https://t.co/Wvqj9XarwS",--
2019-10-30 15:52:14,@rtenews The carbon tax.....electricity and transport cost increases seems to have been the  last straw for people of Chile.....,--
2019-10-30 15:51:58,"This article is framed so so badly. As an environmentalist &amp; a sufferer of chronic respiratory illness, this is not‚Ä¶ https://t.co/5d8j9E7qEp",--
2019-10-30 15:46:02,"Understand the basics of our environment, and how we as humans impact its sustainability, with this free introducto‚Ä¶ https://t.co/0Q5TLyDo3v",--
2019-10-30 15:45:44,"Although the mitigation potential of restoring green ecosystems, notably forests, is greater in total, the mitigati‚Ä¶ https://t.co/fcU5HWaAjc",--
2019-10-30 15:45:42,"Intact ecosystems #sequester #carbon, degraded ones #emit carbon. Between 20 and 50% of global blue carbon ecosyste‚Ä¶ https://t.co/CtMwtPlgCM",--
2019-10-30 15:45:40,Great potential for climate change mitigation by simply protecting and restoring ocean ecosystems üëâ‚Ä¶ https://t.co/0W4b53VEnX,--
2019-10-30 15:45:38,"@baldwinbiogas @EAASolutions @swimsure @Ian_D_Kilgallon @RenewGasRGFI Nope, biomethane isn‚Äôt negative co2. The sust‚Ä¶ https://t.co/p8N6pKK0Hh",--
2019-10-30 15:44:48,"Ennis wins back-to-back air quality award and ‚Ç¨2,250 prize money from the Department of the Environment yet polluti‚Ä¶ https://t.co/eBlIfTm8rV",--
2019-10-30 15:35:07,"#Environmentalism is a cry from the soul- Public services, such as healthcare, should understand the impact they ha‚Ä¶ https://t.co/0biEEvinsT",--
2019-10-30 15:34:52,Academics demand career breaks so they can save the planet from climate change,--
2019-10-30 15:30:42,Climate change is causing ,--
2019-10-30 15:30:27,"Through Fairtrade Mary has also learnt about environmental #sustainability &amp; why to create buffer as a farmer 

One‚Ä¶ https://t.co/iIJptjvBYb",--
2019-10-30 15:26:05,News: Anger At Persistent Dumping At Kildare Cemetery. https://t.co/FMteBlIvXj,--
2019-10-30 15:06:04,Thinking bigger: How early‚Äêlife environmental exposures shape the gut microbiome and influence the development of a‚Ä¶ https://t.co/4qZcuR7Xt1,--
2019-10-30 15:04:29,If environmentalists could stop shitting all over the sick and disabled and actually went after the companies causi‚Ä¶ https://t.co/7GJjNVPRuQ,--
2019-10-30 15:03:00,"October is Ireland‚Äôs National #ReuseMonth

An opportunity to really value your stuff ‚Äì so consider how you can‚Ä¶ https://t.co/PiDtj6CADp",--
2019-10-30 14:59:53,"Viennese symphonies: 900 years of winemaking, our first carbon neutral and Austrian wines - https://t.co/1yeOGmJ0zx https://t.co/yvxZpSRHPR",--
2019-10-30 14:55:54,Promoting use of environmental and social considerations in public procurement https://t.co/LH5qWwiqK7,--
2019-10-30 14:47:03,"@seany1962 Largely depends on the kid.
Football-wise he needs to play in an environment that‚Äôs challenging.
However‚Ä¶ https://t.co/k191loqjKF",--
2019-10-30 14:46:18,"Greta Thunberg rejects Nordic Council environmental award 

https://t.co/XKHxS16UYU",--
2019-10-30 14:46:00,A very happy birthday to @apiphile! I hope it rains (environmentally friendly) glitter in London today.,--
2019-10-30 14:41:45,"#ClimateChange activist @GretaThunberg has declined an environmental prize worth ¬£40,000 saying ",--
2019-10-30 14:37:08,"@swimsure @terhorab A couple of years ago ROI peat extraction EF was a nonsensical 0.25 t CO2-C, this increased to‚Ä¶ https://t.co/m2gOY1glpm",--
2019-10-30 14:33:35,So incredibly inspiring what Vitoria-Gasteiz have achieved.  Our sustainable development postgrads were there a few‚Ä¶ https://t.co/RfX5g15wqg,--
2019-10-30 14:22:47,Bloomberg: Germany‚Äôs wind turbine industry sees declining interest among investors to building more turbines on lan‚Ä¶ https://t.co/bD53Sn8lzl,--
2019-10-30 14:20:10,A report by the House of Commons‚Äô #Environmental Audit Committee has acknowledged that online sales are a route for‚Ä¶ https://t.co/bbcBBNIRN0,--
2019-10-30 14:17:25,"Wow!
Everyone should see this &amp; follow:

A ZERO WASTE MARRIAGE:
https://t.co/bFQ3a49bum

#environment #save #recycle #zerowaste #india",--
2019-10-30 14:07:53,"Claims that environmentally friendly petrol would give same climate benefits as 100,000 electric vehicles https://t.co/9cgTDAInxO",--
2019-10-30 13:59:41,Seems like a no brainer.     Experts: Overnight switch to environmentally friendly petrol would give same climate b‚Ä¶ https://t.co/1RB2xUtFaJ,--
2019-10-30 13:55:08,Hugh Doherty of Q.E.D Environmental &amp; Engineering Consultancy talks to us about his business and why he choose‚Ä¶ https://t.co/QLF3KbsHZi,--
2019-10-30 13:54:24,"That is so kind Sarah and appreciated @sarahcareyIRL, @miriamdonohoe your questions always generated lively discuss‚Ä¶ https://t.co/viQtco2h3v",--
2019-10-30 13:46:26,To keep track of carbon footprint and apply #circulareconomy in real life Climate Action App is on its way to help‚Ä¶ https://t.co/PSOqwzxLoM,--
2019-10-30 13:45:00,"3,000+ wildlife records for County Louth logged at the National Biodiversity Data Centre this year. Second highest‚Ä¶ https://t.co/uYNVtbRYes",--
2019-10-30 13:43:13,"@AriyoAdeniyi3 @thegyth @vanessa_vash @GretaThunberg Fossil fuels are what have ENABLED the green revolution. 

Tak‚Ä¶ https://t.co/u2OLYCk21u",--
2019-10-30 13:35:05,"Burning household waste in bonfires is bad for the environment, can cause serious injury if pressurised containers‚Ä¶ https://t.co/W1zULHpyyJ",--
2019-10-30 13:32:26,Asthma carbon footprint ,--
2019-10-30 13:30:00,"#WATCH Environmental protesters are targeting an oil industry conference in #Dublin

‚¨áÔ∏è@Nicole_gernon is there‚¨áÔ∏è‚Ä¶ https://t.co/fPxeBKI5Kh",--
2019-10-30 13:28:47,All the press coverage of inhalers being as bad as meat for the environment.  Asthma drugs have saved my sons life‚Ä¶ https://t.co/HmPVAH5eAI,--
2019-10-30 13:28:06,@tottinge @Hugues_Ferland Also output-per-period per person might not be relevant in a non-sequential environment/t‚Ä¶ https://t.co/qdwEGZbttv,--
2019-10-30 13:21:16,@echolivecork Well done @echolivecork for being brave enough to look at the environmental elephant in the room.‚Ä¶ https://t.co/AmjofuWKyH,--
2019-10-30 13:01:31,Greta Thunberg declines environmental award https://t.co/7vjw3VJKWN via @RTENewsNow,--
2019-10-30 12:50:29,@RichardbrutonTD This has to mean an end to car-dependent suburban sprawl as it has the highest carbon footprint of‚Ä¶ https://t.co/TfkPVzFZma,--
2019-10-30 12:48:52,@Icfcsam Your not exactly the powerhouses you may think you are... https://t.co/uMi7InOO4A,--
2019-10-30 12:40:33,Preparing car parks for the risks of charging electric vehicles https://t.co/iZxtuajGG5,--
2019-10-30 12:37:53,Environmental concerns raised about cruise liners in Cobh https://t.co/oaw8imprcR,--
2019-10-30 12:34:59,@d_antinora @rasmushbirk And you can take massive doses of antibiotics that wipe out your gut flora without becomin‚Ä¶ https://t.co/L5w2JT0stf,--
2019-10-30 12:34:04,"So many ultra low cost solutions based on OEM hybrid/electric vehicle part #upcycling üòé

If you have access to‚Ä¶ https://t.co/zIEVD0iLoo",--
2019-10-30 12:31:54,It‚Äôs true. I‚Äôm balls deep in the Apple ecosystem. And I fucking love it,--
2019-10-30 12:21:49,Every tree here - every single one - is under risk of the axe from #busconnects 52 diesel emissions buses pr hr pas‚Ä¶ https://t.co/np2zxOgn2W,--
2019-10-30 12:14:58,@x_isco23 ÿØŸàŸÖŸÖŸÖ ÿ®ÿÆŸäÿ±ÿ±,--
2019-10-30 12:13:33,@x_isco23 ÿßŸÑŸÑŸá Ÿäÿ®ŸÇŸäŸÉ ŸÉŸäŸÅŸÉ ÿü,--
2019-10-30 12:12:37,@x_isco23 ÿßÿ±ÿ≠ÿ®ÿ®ÿ®ÿ® ÿπÿ®ŸàÿØ,--
2019-10-30 12:09:00,Is Irish metro-phobia and the need to protect rural ecosystems a conflict or an opportunity for metropolitan govern‚Ä¶ https://t.co/7HFxjEcvdo,--
2019-10-30 12:08:54,Commute is a pain and cost people/business while damaging the environment. MLN innovative carpoolin app might be a‚Ä¶ https://t.co/1RZgGtEahU,--
2019-10-30 12:05:29,"October is Reuse Month.
 Reuse Month is an opportunity to focus on Reuse and create awareness of Reuse at home, at‚Ä¶ https://t.co/dOZL716Ylk",--
2019-10-30 11:59:41,Great panel discussion @responsibleinno summit around creating social and environmental change with @cooney_emer‚Ä¶ https://t.co/R1R2OW81nn,--
2019-10-30 11:54:03,"quando me perguntam ""onde t√° a fauna"" https://t.co/miR2BTJ843",--
2019-10-30 11:50:53,@ShaneSmith197 Create environment where the skills emerge. If we have a movement before skill approach in the early‚Ä¶ https://t.co/wU57m1suL4,--
2019-10-30 11:48:21,New study by @YSInow shows that 47% of young people in Ireland are worried about climate change. 9/10 feel life is‚Ä¶ https://t.co/b2ZvwyrPiJ,--
2019-10-30 11:46:49,"Enthused about this new environmental journal, Channel. Submissions for Issue 2 open Friday. @Channel_LitMag https://t.co/KzfwVQi2Ej",--
2019-10-30 11:39:42,"@benirishhome @DCCbeta The notice advertising them used to boast of superb BER, solar panels, etc",--
2019-10-30 11:39:12,"Safety should be at the heart of what you do, to ensure the best working environment.

Often planning Environmental‚Ä¶ https://t.co/AQYkPzNQnh",--
2019-10-30 11:36:28,"Are you looking to kickstart your #career in #blockchain in a rapidly growing start-up environment, working with so‚Ä¶ https://t.co/P8pds3keBV",--
2019-10-30 11:25:29,Honestly the thoughts of getting it done was 100x worse than actually getting it done and it‚Äôs fucking unreallllll‚Ä¶ https://t.co/RCO2k9j8Fx,--
2019-10-30 11:22:50,"Add #repair and you have a virtuous cycle!
@SligoEnvNet @MayoEnvNetwork @MayoEnvironment https://t.co/hfF31ZQLDf",--
2019-10-30 11:17:10,@Debmorg2 @RepJeffDuncan @realDonaldTrump He was giving an account of the transcript. The full one has yet to be re‚Ä¶ https://t.co/ZzYlYco2BL,--
2019-10-30 10:58:25,"@CByrneTD as my local TD, I ask you to oppose any proposal to allow electric vehicles use bus lanes. The solution t‚Ä¶ https://t.co/um9CkhMsOL",--
2019-10-30 10:56:23,Do you have an eagle‚Äôs eye for detail &amp; serious communication skills? If you thrive in a busy environment and list‚Ä¶ https://t.co/cr5odhOqy9,--
2019-10-30 10:54:23,Neuer Heizspiegel: In energetisch sanierten H√§usern kostet Heizen nur halb so viel / Abrechnung 2018:...co2online g‚Ä¶ https://t.co/RSnbKv0nNH,--
2019-10-30 10:47:11,Article from 2016!  Why has @ClareCoCo or local TDs done nothing to stop the problem? Air pollution levels rise sha‚Ä¶ https://t.co/kuCVKYYimc,--
2019-10-30 10:45:07,Ninety second video that will help you think more clearly about home insulation. We need to change the way we think‚Ä¶ https://t.co/6DKermB1Y9,--
2019-10-30 10:43:27,"Transportation is not good for the environment, but there are ways it (and you) can be better. https://t.co/sh73kuHKio",--
2019-10-30 10:39:40,@thugell mais euh ??????? simon ???????? jsuis amoureuse,--
2019-10-30 10:32:55,"#Ireland ‚Äòwoefully behind‚Äô on #renewables ‚Äì #IrishBioenergyAssociation:

https://t.co/xSPHV6JSQ7",--
2019-10-30 10:32:24,En route to Carlow for @UCD_Geography first year fieldwork ... environmental sustainability in small towns!,--
2019-10-30 10:30:08,It‚Äôs SCARY the amount of batteries that don‚Äôt get recycled! Recycle your batteries this Halloween and support Batte‚Ä¶ https://t.co/jIPmxBlT9I,--
2019-10-30 10:28:19,Talks about climate change and anxiety and cognitive dissonance,--
2019-10-30 10:22:34,Attending IrBEA National Conference 2020 - Bioenergy Future Ireland. Thank you Paul Deane for delivering a compelli‚Ä¶ https://t.co/VBnlsA12Cl,--
2019-10-30 10:15:08,Heureusement il m,--
2019-10-30 10:13:30,amoureuse https://t.co/8msEKH1OLD,--
2019-10-30 10:08:04,"Last week at the SAP-sponsored #LDF19, designers announced initiatives to combat climate change. Watch this @saptv‚Ä¶ https://t.co/OEwly8mRyR",--
2019-10-30 10:05:27,"Another cool #ElectricCar project in #Ireland üòéüëç

#EV #ElectricVehicles #opensource #recycle #upcycle‚Ä¶ https://t.co/uYYqLl53BJ",--
2019-10-30 10:02:45,There are still some places available for biodiversity training being held across the different venues highlighted‚Ä¶ https://t.co/Ku1mQKX9bb,--
2019-10-30 10:00:00,MEP Kelly calls for fund to help those impacted by climate change policy: https://t.co/QOSu6f3HQF,--
2019-10-30 10:00:00,MEP Kelly calls for fund to help those impacted by climate change policy: https://t.co/vlWeoM2WZj,--
2019-10-30 09:58:40,According to junior environment minister @SeanCanney: ‚ÄúThe key to achieving our climate action targets is to bring‚Ä¶ https://t.co/gB38TitzUK,--
2019-10-30 09:57:28,"@Ruud_Koop_mans Verstand van zaken hebben ze niet, CO2 uitstoot van gas mag niet maar de broeikasgassen die windmol‚Ä¶ https://t.co/cSYgpGTt1b",--
2019-10-30 09:50:15,"""Started using Docker for my local Laravel dev environments and threw together a 15-min ..."" https://t.co/JwWVCS5W3E",--
2019-10-30 09:43:51,"#makewaves 
@dublinbiosphere https://t.co/GK7ExCmclt",--
2019-10-30 09:43:43,"Once all the cows are banned to stop climate change, I‚Äôll be banned next!! #sadface  
https://t.co/VTCsEJp7bT https://t.co/a3HPyadIAt",--
2019-10-30 09:33:27,"What you mean-
i recycle my OCs everytime when I",--
2019-10-30 09:27:08,"@edlemming ""They never brought up divestment, emissions, the toxicity of fracking, or climate change. Instead, they‚Ä¶ https://t.co/eODNBqSofE",--
2019-10-30 09:25:49,"#KeepItInTheGround vs keep it coming - where does Ireland really stand on fossil fuels? #climate 
https://t.co/K2HsB1PU14",--
2019-10-30 09:25:05,Great chance to recognise those that are making a difference and nominate them for the 2019 CEF Environmental Award‚Ä¶ https://t.co/9biHiN7xlv,--
2019-10-30 09:21:31,Delighted to be atending the IrBEA National Conference 2020 - Bioenergy Future Ireland - some really interesting th‚Ä¶ https://t.co/OH5Z5jWkLg,--
2019-10-30 09:19:16,‚ÄúA report has warned‚Äù. Funny they‚Äôll listen to this ‚Äúwarning‚Äù but won‚Äôt listen to any warning about global warming https://t.co/DtUHYlxl7a,--
2019-10-30 09:13:21,"Ennis, winner of 2019 ‚Å¶@TidyTownsIre‚Å© air quality award, records worst autumn pollution. And it‚Äôs smoky coal being‚Ä¶ https://t.co/GQMLI2RyRg",--
2019-10-30 09:12:02,@CAugustenborg Bear in mind EVs are not emissions-free. Their construction is also energy intensive. And neither are carbon-free.,--
2019-10-30 09:07:05,NASA: Ozone layer hole shrinks to smallest size since discovery https://t.co/wTJ7vks20x,--
2019-10-30 09:05:16,"How is climate change affecting youth in #Malawi? Meet Jesse &amp; Isaac, two young people who are speaking up on how‚Ä¶ https://t.co/iRZaosZVYD",--
2019-10-30 09:03:05,@Icfcsam You can see how much it meant to Christian Fuchs when Iheanacho scored last night after hardly getting a l‚Ä¶ https://t.co/Nw0SrL0Es6,--
2019-10-30 09:01:04,@AlanBluett is looking to speak to professionals with previous experience in a consultancy banking environment for‚Ä¶ https://t.co/SZEmnIvdxp,--
2019-10-30 09:01:03,"#NewIUAWebsite
Developing a balanced and dynamic research ecosystem is a key priority for IUA and our Director of R‚Ä¶ https://t.co/CwWcju71LG",--
2019-10-30 08:56:52,"So this is a thing we‚Äôre doing, looking at local issues with the Climate &amp; Biodiversity Crises as our priorities, &amp;‚Ä¶ https://t.co/6x5XYxDDKP",--
2019-10-30 08:56:41,Cities turn to urban forests to combat climate change /via @globeandmail https://t.co/dqtOszJfMX,--
2019-10-30 08:56:08,@i_D Disgusting. Celebrating the burning of fossil fuels in this day and age.,--
2019-10-30 08:38:19,Nice to see @MrMuselk doing his bit for the environment https://t.co/BNKS9hHvm4,--
2019-10-30 08:37:14,"@rtenews Well done John .. climate change scaremongers are always straight on the attack, no evidence only Greta s‚Ä¶ https://t.co/bdy5WvJ207",--
2019-10-30 08:30:00,A poll by @IrishTimes revealed 55 per cent of voters believe climate change ‚Äúis the most serious issue facing the w‚Ä¶ https://t.co/QuGmGTfhPE,--
2019-10-30 08:19:49,"@Evershite Whhat about the environment, these will all end up in the ocean especially if they keep doing it when th‚Ä¶ https://t.co/Gl96ahl6Dp",--
2019-10-30 08:18:49,"@FranRockett85 All about the environment for players, especially young players.",--
2019-10-30 08:07:37,"@stevohanley It‚Äôs really not fair on parents, and I think that‚Äôs why the confusion over private assessments is part‚Ä¶ https://t.co/RKcCO2cHj0",--
2019-10-30 07:51:54,.@DCUWater -outdoor office üòÅ- back on the Brian Boru for planning discussions with @dublinbiosphere @hegarty_susan‚Ä¶ https://t.co/LcrSmq3bOz,--
2019-10-30 07:51:36,"@BrianLeddin Electric vehicles are clearly part of the answer, Funding the railways is the main part of the answer‚Ä¶ https://t.co/CdYd7LNdZI",--
2019-10-30 07:49:18,@farmersjournal Irresponsible comments like this set a negative tone for an environmental scheme making a joke of i‚Ä¶ https://t.co/MwrzAjTAOB,--
2019-10-30 07:47:55,On the forest floor #flora #nature https://t.co/pzlROXWVuh,--
2019-10-30 07:43:19,"Something I never considered: 
@BBCNews
News - Asthma carbon footprint ",--
2019-10-30 07:41:18,"https://t.co/DZslaYo0Sx

#environment #asthma #CO2 #carbonfootprint",--
2019-10-30 07:33:11,Important paper by @terhorab and others reporting GHG emissions from German organic soils #keepitintheground‚Ä¶ https://t.co/DDn24ttDAk,--
2019-10-30 07:27:24,#ClimateChange  #co2 https://t.co/UswjyPBrg5,--
2019-10-30 07:24:45,Drained peat soils are a worldwide problem. German drained organic soils emit more than 55 Mt CO2-eq. per year. Thi‚Ä¶ https://t.co/zrujv0tsDs,--
2019-10-30 07:02:47,Limerick secondary school leads by example in environmental awareness with two major awards https://t.co/zU5EI05Va2,--
2019-10-30 06:34:09,Em I‚Äôm pretty sure the Green Party told us to buy a diesel car- which was better for the environment ü§∑üèº‚Äç‚ôÄÔ∏è these id‚Ä¶ https://t.co/JHgRmK2YRE,--
2019-10-30 06:12:06,@sweetpmac @TodayFM A way to recycle plastic bottles into bricks for construction for dividers between dual carriageway/ motorways,--
2019-10-30 05:39:53,Delighted to lead workshops at  #ivco2019 drawing on @Comhlamh learning from the framings provided by the decolonia‚Ä¶ https://t.co/crJ8J35RtQ,--
2019-10-30 05:39:53,Delighted to meet up with Helene Perold @Vosesacommunity who co-authored excellent paper for #Ivco2019.‚Ä¶ https://t.co/1LYTsaaQeG,--
2019-10-30 05:20:46,"Suicide bombers have become a renewable resource, but who is buying their souls, and why?

A roller coaster ride of‚Ä¶ https://t.co/BcZZxGzRV1",--
2019-10-30 02:34:15,Climate change? Here,--
2019-10-30 00:53:27,This is happening globally and we still have people that are falt out denying climate change is even happening even‚Ä¶ https://t.co/t97OqlgAIG,--
2019-10-30 00:38:14,"d√©j√† t‚Äôes au chiotte a cause de tes r√®gles douloureuses et en plus tu vomis de d√©go√ªt, vasy moi üò≠",--
2019-10-30 00:35:08,@TinaMurnotbot Most people cannot afford to buy electric vehicles. If bus lanes are also used for electric vehicles‚Ä¶ https://t.co/UNA85EK5NX,--
2019-10-30 00:29:01,One of the most affecting documentaries I‚Äôve ever watched was ‚ÄòThe Last Mountain‚Äô. About the environmental &amp; social‚Ä¶ https://t.co/RAFVpb2fGH,--
2019-10-30 00:14:27,@realDonaldTrump The EPA May take issue with you for depriving so many bottom-feeders of an ecosystem (but it‚Äôs a d‚Ä¶ https://t.co/KFfr3f3YmC,--
2019-10-30 00:03:03,@CiaraOGrady3 @Joan_OD @Martinasheehan5 @MarieKenn80 Powerfully insights into farming in a low carbon environment a‚Ä¶ https://t.co/5GZEjJ5YC2,--
2019-10-29 23:48:13,The Minister seems to think that we must do whatever we can to incentivise people to switch to electric vehicles. W‚Ä¶ https://t.co/bI3lr9AGCx,--
2019-10-29 23:39:34,@TomRaftery @Nespresso Aren‚Äôt those capsules really really bad environmentally speaking ?,--
2019-10-29 23:33:53,"This job might be a great fit for you: Environment, Health and Safety Manager - https://t.co/JlmLQLfQeT‚Ä¶ https://t.co/fEqTRL5J86","53.2808397, -6.4431841"
2019-10-29 23:24:50,@wealdengirl The environmentalists and Green party overlook the environmental degradation caused by Gaza militants‚Ä¶ https://t.co/15KUNIlwHX,--
2019-10-29 23:23:52,Greens put pressure on EPA to tackle Waterford air pollution https://t.co/sQ6OE2POoy,--
2019-10-29 23:09:47,"WHAT PEOPLE MUST REALISE IS THAT CAPITALISM IS OVER IF WE CARE ABOUT CLIMATE CHANGE

The two don",--
2019-10-29 22:58:15,"@CollieMcLovin @DDown78019988 @LeoVaradkar Keep up the regs in Dublin, for noise pollution reasons etc. Dereg in pl‚Ä¶ https://t.co/BbuI8C2XG4",--
2019-10-29 22:55:00,EGU to offset the travel emissions of every General Assembly participant: https://t.co/4UXUIz7yTn via @EuroGeosciences,--
2019-10-29 22:50:09,@TomRaftery @mickmuldoon @Nespresso It‚Äôs probably mother earths way of saying you‚Äôre destroying the environment wit‚Ä¶ https://t.co/jOaeK74v6P,--
2019-10-29 22:47:57,Extra ‚Ç¨35m bill in 2020: FCI voices fury at ‚Äòinequitable‚Äô carbon tax https://t.co/JefoYAkP1g #agriland,--
2019-10-29 22:42:47,@ianoriordan @IrishTimesSport After the environmental fiasco of Sunday. THIS. So if you have have run all 40 Dublin‚Ä¶ https://t.co/6xwaP55Yqp,--
2019-10-29 22:42:43,These are supposed to be the people driving environmental action in Ireland. Instead we,--
2019-10-29 22:36:10,"@Icfcsam Leicester the only team that acc can challenge City for the Carabao cup this year , we could aswell but Ju‚Ä¶ https://t.co/gDK17jErtK",--
2019-10-29 22:13:06,"@PaulDalyROI @TaxandLegal @OCallaghanCian But, right now, increasing solar and wind, and transport that is low co2‚Ä¶ https://t.co/9RTRBwORVu",--
2019-10-29 22:10:19,@john_mcguirk @whammo86 I take it we won‚Äôt be allowing the elderly to vote on anything impacted by climate change so?,--
2019-10-29 22:09:13,@DanielTMurray Would not be the first time that the govt allowed one sector to continue growing its emissions while‚Ä¶ https://t.co/Fps2xU3b5P,--
2019-10-29 22:03:58,@ConnemaraFarmer @vidabailey2 But could allow ‚Äòproductive land‚Äô payment from one source and ‚Äòbiodiversity land‚Äô pay‚Ä¶ https://t.co/MX0ojRy8Or,--
2019-10-29 22:00:14,"‚ÄòSustainability has 3 components, 1)Environment 2)Social 3) Economic. Being efficient on the farm will benefit all‚Ä¶ https://t.co/PxlpPBcJrn",--
2019-10-29 21:54:11,@UtdChart @Icfcsam It was 4-6 for shots on target so according to this logic the game should‚Äôve finished 4-6 ü§∑üèª‚Äç‚ôÇÔ∏è,--
2019-10-29 21:53:43,In neolibral capitalism saying you want into the ecosystem is a much more powerful statement then saying you want o‚Ä¶ https://t.co/okP1a7zZuJ,--
2019-10-29 21:51:55,"@Icfcsam I did watch, and you shouldn‚Äôt of, you‚Äôre being bias, you only had like 6 shots on target I‚Äôm pretty sure üòÇüëè",--
2019-10-29 21:46:59,@Icfcsam If every team scored every chance they create in a football game you could say ‚Äúcould‚Äôve been 6 or 7‚Äù üòÇ bu‚Ä¶ https://t.co/9oQr7eNuMJ,--
2019-10-29 21:43:10,last call before no nut november folks https://t.co/WCO2qRC9dH,--
2019-10-29 21:40:44,@faircityfans I retract my last statement. After rewatching fair city tonight it set off my carbon monoxide detecto‚Ä¶ https://t.co/zahOyGBjpR,--
2019-10-29 21:32:21,@nufcflynn @Icfcsam He,--
2019-10-29 21:27:20,@msloubylou22 Dire!!!! My carbon monoxide detector went off at this shite!!!!,--
2019-10-29 21:21:11,National Women‚Äôs Enterprise Day event highlights under-representation https://t.co/6XiiZj4co2 https://t.co/uV5JF126vP,--
2019-10-29 21:10:47,"@ConnemaraFarmer @vidabailey2 Don‚Äôt forget vital biodiversity rich ponds, lakes and watercourses. Again penalised. https://t.co/Q4hAV6IlPu",--
2019-10-29 21:10:34,@JerryDMurphy66 @Rubberbandits @scienceirel @MaREIcentre @IEABioenergy This,--
2019-10-29 21:04:44,"Health, Housing, Environment &amp; Transport are common concerns across the country. Our needs are not being addressed‚Ä¶ https://t.co/moadJtLukN",--
2019-10-29 20:37:50,#CitizenScience in action. The environmental &amp; air quality mobile sensor lab from Insight DSI #NUIGalway will visit‚Ä¶ https://t.co/NRs3EMozeH,--
2019-10-29 20:15:30,@PaulWhi95769285 @MGaillimh Create a safe environment to facilitate engagement of illegal activity. No thank you. D‚Ä¶ https://t.co/Y1PNyMpIUS,--
2019-10-29 20:12:07,"Air pollution could age human memory.
https://t.co/Qn0AyzNWDb",--
2019-10-29 20:05:56,"Cigarette butts cause climate change? They are talking through their butts.

When you make the hard right look sens‚Ä¶ https://t.co/QKcqyYkrzi",--
2019-10-29 20:05:53,@ExtinctRebelsIE Is that glue environmentally friendly?,--
2019-10-29 20:03:52,Emissions targets are a touchy subject in agriculture but if @CSOIreland is publishing research identifying the fun‚Ä¶ https://t.co/dvPh75gXZy,--
2019-10-29 20:01:17,Great to see that action will be taken to protect our environment üòçüëçhttps://t.co/bR4APtE29R,--
2019-10-29 19:57:48,"Dropped into Oxfam Waterford today, lovely to see Reused/Recycled items, beautifully made, very colourful.‚Ä¶ https://t.co/RL718OKTZC",--
2019-10-29 19:47:45,Bring on the global warming https://t.co/TPMLqD5OuI,--
2019-10-29 19:42:16,Those random twitter accounts that have 20 thousand followers but just recycle tweets that were posted 3 years ago üòë,--
2019-10-29 19:29:53,"üå≥üå≥üå≥üå≥üå≥

#GreenNotGrey
#carbonemissions https://t.co/evhYd2C9g7",--
2019-10-29 19:29:46,"Car free zones aren‚Äôt just about reducing carbon emissions it‚Äôs making way for shareable bicycles, scooters, and mo‚Ä¶ https://t.co/B6nWtm0IAH",--
2019-10-29 19:18:58,"@AodhBC Tell Daphne, (not her real name), that she can recycle them my way if she wishes. Delicious.",--
2019-10-29 19:13:49,‚ÄúLand that is currently home to 300 million people will flood at least once a year by 2050 unless carbon emissions‚Ä¶ https://t.co/fpuInmtLeG,--
2019-10-29 19:11:36,Hmmmm evening planes. The stale smell of wine and recycled air. Plus the added advantage of nearly being ‚Äúsleep-hug‚Ä¶ https://t.co/bGkfh4zglT,--
2019-10-29 19:10:03,"Urban greenspace &amp; the indoor environment: Pathways to health via indoor particulate matter, noise &amp; road noise ann‚Ä¶ https://t.co/w05axqER5a",--
2019-10-29 19:00:00,"Apprentices will learn new software development skills in what promises to be a supportive learning environment, wh‚Ä¶ https://t.co/mT1NFV8Jcs",--
2019-10-29 18:58:30,@1Hildegarde @GalwayChamber Would be great to hear more detail on the plans for sustainable development.,--
2019-10-29 18:49:54,"Stunning #Donegal 
üëç to #TidyTowns for the sign 
üôÑShame about the local dumping
üò¨its hard to pull #Plastic bags ent‚Ä¶ https://t.co/euVqhQSCLa",--
2019-10-29 18:46:40,Selfie with a wild animal? Not in Costa Rica ‚Äì Dept of Environment aims to end manipulation of wild #animals. üëè https://t.co/7Yj5HeXdsC,--
2019-10-29 18:42:39,Read this thread. This is how our politicians are responding to climate change. Awful carry on. Bootlickers to the‚Ä¶ https://t.co/pG0O6YrhXE,--
2019-10-29 18:38:28,"""Every item sold online plants one tree üå≥ In this way I want to offset carbon emissions and help the world become a‚Ä¶ https://t.co/6uk9zr491T",--
2019-10-29 18:32:48,When are we going to stop digging carbon out of the ground #gogreen #climatechange üíö üíö üíö üíö Climate change has the p‚Ä¶ https://t.co/JycV55j8Bp,--
2019-10-29 18:32:36,"""Every item sold online plants one tree üå≥ In this way I want to offset carbon emissions and help the world become a‚Ä¶ https://t.co/Rad78Vz5XP",--
2019-10-29 18:21:42,@ozmanie Mais l√† le ils sont fait pas r√©f√©rence √† la population mais aux gens qui pensent √ßa et malheureusement ceu‚Ä¶ https://t.co/lbne8aSoJJ,--
2019-10-29 18:13:31,Human #Health is intertwined with environmental &amp; animal health #OneHealth Understanding how deadly zoonotic viruse‚Ä¶ https://t.co/CMdL8fNyWi,--
2019-10-29 18:13:20,"Just been asked what I lecturer while at UL, I said rural transport in a city environment, she looked at me quizing‚Ä¶ https://t.co/tpKNNgXvMw",--
2019-10-29 18:10:25,Treasury to recycle 50p coins marking October 31 Brexit deadline LOL https://t.co/BH7NkIB4H6,--
2019-10-29 18:06:34,my mam says that tracy beaker is ‚Äúa bad costume for halloween‚Äù and ‚Äúno one will get it‚Äù as if i won‚Äôt go to the dumping ground bog off mum x,--
2019-10-29 18:01:48,"These machines are win, win for everyone, plastic recycled  ,less rubbish on the streets, money in people",--
2019-10-29 17:51:32,The establishment of meaningful support for farmers and rural communities in the face of climate change needs to be‚Ä¶ https://t.co/TIxiy1GPQb,--
2019-10-29 17:48:29,"@GerHerbert1 Antwerp has just introduced a low emission zone, you have to register car and co2 rating, high co2 = high charge",--
2019-10-29 17:45:40,"Passiflora still going strong.
What an amazing display.
#farmtofork
#organicfood
#gardening
#weddingsinIreland‚Ä¶ https://t.co/qwD0q9IqBB",--
2019-10-29 17:42:37,Happy with New Jacket from H&amp;M and love the recycle program where you can give a bag and get ‚Ç¨5 voucher. Old jacket‚Ä¶ https://t.co/xMJ8Ut1V0j,--
2019-10-29 17:41:58,et on remercie chaleureusement l‚Äôalcool et spotify qui m‚Äôont accompagn√© toute la journ√©e!!!,--
2019-10-29 17:37:11,I very much welcome this important initiative especially considering Ireland missed its greenhouse gas emissions ta‚Ä¶ https://t.co/WeXwjgR61j,--
2019-10-29 17:34:21,"#Translational #Research solving Global Grand Challenges in Health, Energy &amp; Environment Helping #GlobalGoals #SDGs. https://t.co/RnPDKnOpxC",--
2019-10-29 17:23:46,"Follow the National Pollinator Plan!
Also submit your butterfly and any other biodiversity records to the National‚Ä¶ https://t.co/RHGEsUyn46",--
2019-10-29 17:23:45,"üêæIdentify items in your garden which help biodiversity i.e. an old tree/pond/wild meadow/ivy hedge
üêæTry to plant na‚Ä¶ https://t.co/70qA8DsaNP",--
2019-10-29 17:22:48,The largest wind energy project in Ireland is being proposed off the Cork coast https://t.co/WuA4p2SqUC,--
2019-10-29 17:21:15,The largest wind energy project in Ireland is being proposed off the Cork coast https://t.co/3jNPXzQWOI,--
2019-10-29 17:11:28,The largest wind energy project in Ireland is being proposed off the Cork coast https://t.co/1mp3vHJbrr,--
2019-10-29 17:08:58,@Lile_sosanna The only thing that falls off trees in Dublin is heavy metals from car emissions üòú I did look at vega‚Ä¶ https://t.co/tzc6JDDDFn,--
2019-10-29 17:00:00,"#QQI is seeking a full-time ICT Manager to lead our ICT unit, manage our internal and external IT environment, and‚Ä¶ https://t.co/g8N9uL9uTB",--
2019-10-29 16:57:38,same energy https://t.co/yFtmmco2Rh,--
2019-10-29 16:56:22,@OneFineDay_ie @aontas @socentie @chrismmgordon @changingireland @Dept_CCAE @RediscoveryCtr @socialrecycle‚Ä¶ https://t.co/Kk3IG3sCbD,--
2019-10-29 16:45:30,For those looking for an Environmental Engineering #postdoc... this one looks great! #microbes #thermodynamics‚Ä¶ https://t.co/vIr1sK5Kfa,--
2019-10-29 16:44:23,"Private groundwater contamination, climate change and risk awareness-  https://t.co/ag6yEozx8J
Irish rural resident‚Ä¶ https://t.co/pASxChcz7m",--
2019-10-29 16:28:31,Farm contractors are incensed by application of carbon tax to green diesel -¬† McGrath https://t.co/awvUZcRRl1,--
2019-10-29 16:15:02,"Interested in lowering your carbon footprint? Subscribe to our latest podcast #180Degrees, available to download wh‚Ä¶ https://t.co/GiTTIk5eyO",--
2019-10-29 16:11:00,How air purifiers improve productivity &amp; air quality at work @BizMattersmag https://t.co/ZGkZXNvL9q The quality of‚Ä¶ https://t.co/mo0qvtn9Sv,--
2019-10-29 16:10:53,The largest wind energy project in Ireland is being proposed off the Cork coast https://t.co/2yEloMw2xa,--
2019-10-29 15:59:50,Limerick school honoured with two awards for environmental efforts https://t.co/qnWY1lToWC #Limerick,--
2019-10-29 15:52:40,Our rPET (recycled PET) MAP trays offer excellent clarity showcasing your products. A mono PET material for ease of‚Ä¶ https://t.co/X8Ki0GRY8Z,--
2019-10-29 15:51:00,@FionnualaMoran But... but what about that carbon footprint you were giving out about in another tweet?? Re: kanye on his plane ü§îü§îü§îüòÇüòÇüòÇ,--
2019-10-29 15:40:21,Wednesday 30 October is ‚ÄòGreen Carpet Night‚Äô! The Environmental Protection Agency comes together once again with We‚Ä¶ https://t.co/qJp7QRUfNK,--
2019-10-29 15:37:15,@johnnydork ahha just a reused point from the Simpsons anyway...they must had that same ford joke somewhere sure of it,--
2019-10-29 15:33:36,"""On specific commitments, they will be required to deliver a 50 per cent improvement in energy efficiency by 2030""‚Ä¶ https://t.co/7ToifKH80f",--
2019-10-29 15:27:26,Irish Company Produce Carbon negative ‚ÄúPlastic‚Äù‚Äã Bags that Reduce Carbon Emissions https://t.co/eKWDfWQUwF,--
2019-10-29 15:26:23,No... wind mills and solar panels do NOT pay for themselves in health benefits https://t.co/GQRF4ArEQm via @JunkScience,--
2019-10-29 15:25:03,"Dublin air pollution breaching EU limits, EPA warns https://t.co/M2b03mhe4R via @IrishTimes",--
2019-10-29 15:24:01,@michaeljtobin1 @socialrecycle,--
2019-10-29 15:21:05,"Keep safe and protect our environment this Halloween - advice on waste, illegal bonfires, firework displays and mor‚Ä¶ https://t.co/FcYnxMARj3",--
2019-10-29 15:12:37,"Climate change is a social justice issue, therefore we need a social justice lens to Climate Action‚Ä¶ https://t.co/w9dz1n8jwi",--
2019-10-29 15:08:29,"Where to install your carbon monoxide alarm?

We are often asked where a CO alarm should be positioned. Check out o‚Ä¶ https://t.co/1vBRq5gbWM",--
2019-10-29 15:02:05,Running is bad for the environment üßê. If you followed this beginners marathon training schedule you wouldve,--
2019-10-29 15:00:31,CHI is deeply committed to creating a best-in-class work environment at all levels. Trust us with your career. We a‚Ä¶ https://t.co/DyEKUeqgCA,--
2019-10-29 14:56:09,@rtenews This is to lower unhealthy NOx emissions...Not CO2 which is not a pollutant... https://t.co/zicez7u08W,--
2019-10-29 14:52:39,Please dispose of household waste responsibly. The burning of household waste is strictly prohibited and the fumes‚Ä¶ https://t.co/twsrzuL7OK,--
2019-10-29 14:45:32,‚Äúhigh-quality architecture in its purest most environmentally and socially conscious form‚Äù.... more of that please https://t.co/8AwRA2zBHL,--
2019-10-29 14:40:01,"They never brought up divestment, emissions, the toxicity of fracking, or climate change. Instead, they mentioned t‚Ä¶ https://t.co/dimspGs3J7",--
2019-10-29 14:34:20,Saw a commercial this morning about algae-based fuel. @BP_plc was pushing the idea it could cut CO2 production in h‚Ä¶ https://t.co/TVKxolvVLl,--
2019-10-29 14:30:00,Kerry waste management company wins Green Transport of the Year Award https://t.co/wKycKbLlPz,--
2019-10-29 14:21:19,An interesting talk about climate change tonight in the Marine Hotel provided by our local rotary club @DublinRotary https://t.co/S4I82TEeMd,--
2019-10-29 14:17:00,"heureusement que posty est l√†, c",--
2019-10-29 14:08:43,"@IrishCycle @Steoller @dublinbusnews Yes, it is. The proposal is for 65 diesel emissions buses per hour thru Rathga‚Ä¶ https://t.co/wCiyvYecKK",--
2019-10-29 14:07:50,"üë©‚Äçüè´Did you know? After 12 hours of quitting cigarettes your carbon monoxide levels are back to normal.

We have lim‚Ä¶ https://t.co/n1aOJIKCGF",--
2019-10-29 14:03:33,"We can‚Äôt put up all the wind turbines that we would like because citizens don‚Äôt want them. - Kristian  Ruby, of ind‚Ä¶ https://t.co/MJmEezOVct",--
2019-10-29 13:45:46,"je suis amoureuse

https://t.co/Lm7HNAMcES",--
2019-10-29 13:41:59,"@OCallaghanCian ""Livestock‚Äôs impact has been hugely overstated, while the major culprit ‚Äî the use of fossil fuels,‚Ä¶ https://t.co/JfyVmmECer",--
2019-10-29 13:30:33,"Sky lanterns have a deadly effect on animals and the environment, as this picture of a barn owl trapped in the wire‚Ä¶ https://t.co/6E4JLm4T9g",--
2019-10-29 13:22:36,No... wind mills and solar panels do NOT pay for themselves in health benefits https://t.co/GQRF4ArEQm via @JunkScience,--
2019-10-29 13:15:18,I hate America https://t.co/LmCO2WT3Zm,--
2019-10-29 13:12:56,No greater evidence of climate change being a real thing than CHEPSTOW racing on good to soft a few days after DONCASTER gets swamped.,--
2019-10-29 13:02:35,"Halloween Bonfires

Bonfire burning is a serious threat to public health &amp; the environment, &amp; can contain hazardous‚Ä¶ https://t.co/xhkcjgCkZP",--
2019-10-29 13:00:00,"I wrote a short story roughly along these lines for English class in about 1993, except it was climate change and n‚Ä¶ https://t.co/5H8h5b3ALj",--
2019-10-29 12:52:18,The fairy kingdom! #massyswood #Dublin #Ireland #TuesdayMotivation #fungi #nature #biodiversity https://t.co/CbSTJx7Rke,--
2019-10-29 12:50:46,Qualcomm to invest $200m in start-ups building 5G ecosystem https://t.co/bCHYhlntwy,--
2019-10-29 12:40:37,"This is a very interesting development in the campaign to create healthy, attractive, people-centred environments.‚Ä¶ https://t.co/yFm4d3J6sI",--
2019-10-29 12:36:53,News: Listen: Calls For Celbridge To Pilot New Dumping Reduction Scheme. https://t.co/GHYW941NB7,--
2019-10-29 12:26:45,@askwhatido @Ka_whufc @Icfcsam Ya took about 30 seconds I know such a waste of time,--
2019-10-29 12:12:00,"8 million pumpkins ended up in landfill after Halloween last year, it",--
2019-10-29 12:01:09,@griptmedia Climate change is what PG&amp;E say it is....Cant believe everything big American corporations say.... https://t.co/zZPSdrZfs9,--
2019-10-29 11:56:26,"@blade_kathryn Thank you, Kathryn. Have a great day.

Suicide bombers have become a renewable resource, but who is‚Ä¶ https://t.co/ufo51oPW4n",--
2019-10-29 11:47:26,"This is a positive move to get local Councils more on board with tackling climate change. 

However the government‚Ä¶ https://t.co/4ql1dSdkqx",--
2019-10-29 11:44:32,"Would you purchase a season ticket for your favourite sports team if the price included food &amp; beer concessions?

I‚Ä¶ https://t.co/sOCO2rI9mW",--
2019-10-29 11:42:12,"Interesting climate change article by Johnny Fallon, who is well known to some (Electoral) Geography folk in Maynoo‚Ä¶ https://t.co/22MmhOQ1dI",--
2019-10-29 11:34:40,#SportsVenueBusiness Next session at #alsdinternational ‚ÄúFuture Point of Sale in High Throughput Environments‚Äù spon‚Ä¶ https://t.co/gV1XBxGE03,--
2019-10-29 11:34:19,@jamesheathers Tubby = energy reserves and insulation. Sort of useful for mountaineering.,--
2019-10-29 11:32:23,"Join us in Vancouver to talk about climate change with a side of popcorn!
@CharteredAccIrl @ICAEW @ICASaccounting‚Ä¶ https://t.co/R8zkrbpvWH",--
2019-10-29 11:30:37,"Find out what can be recycled at Galway County Council Recycling Centres - Ballinasloe, Clifden &amp; Tuam https://t.co/tgwroICgrp",--
2019-10-29 11:28:19,"@SuomenlinnaWHS In 1991, the Suomenlinna fortress was added to the UNESCO World Heritage List as a unique monument‚Ä¶ https://t.co/XVz2tCv0jG",--
2019-10-29 11:23:49,@CouchMarathon @killianbyrne We just need to to be more conscious of our environment. No one wants to run through a dustbin.,--
2019-10-29 11:18:53,".@NoraFahy great point on trends and reuse - ""Trends come and go, we need this to be a way of life"" #FuturejobsAIT‚Ä¶ https://t.co/0DqDlCcJqb",--
2019-10-29 11:14:47,I just liked ‚ÄúFCPXWorld - Final Cut Pro X The Ecosystem‚Äù on #Vimeo: https://t.co/ngauqvdU9k,--
2019-10-29 11:10:12,What this digital age is creating is an environment where you can no longer have private conversations - @NiNanjira‚Ä¶ https://t.co/xun3jV0BmC,--
2019-10-29 11:08:51,@EUEnvironment https://t.co/wjCRv2kTkj,--
2019-10-29 11:06:56,"Minimal impact on climate change ,but a useful topic on radio chat shows as a filler https://t.co/Kj7sP4anoH",--
2019-10-29 11:05:51,International Conference Forests for Biodiversity and Climate Change | European Commission https://t.co/u0kgmnBSxs via @EU_Commission,--
2019-10-29 11:05:21,"Fantastic questions &amp; comments re. skill gaps in #reuse &amp; #repair e.g., ecodesign &amp; green and social public procure‚Ä¶ https://t.co/Yf70R7B00M",--
2019-10-29 11:05:09,The #Environment Audit Committee has called for a million-strong ‚Äúcitizen army‚Äù of trained volunteers to help spot‚Ä¶ https://t.co/J6asbySvIe,--
2019-10-29 11:04:21,@MrBeastYT is planning on planting 20 million trees in order to try combat climate change and the depleting forests‚Ä¶ https://t.co/DdeFIHxs3K,--
2019-10-29 10:57:37,"#IRELAND CAN DO IT!

Reducing carbon emissions and energy wasting should be a priority for all of us.

#environment‚Ä¶ https://t.co/rszVOlZ2XM",--
2019-10-29 10:54:48,New digest paper now available from https://t.co/zn0128OKfX: Carbon taxation in Ireland: Distributional effects of‚Ä¶ https://t.co/GbdTZg4dj5,--
2019-10-29 10:54:33,The planet is dying so I better not hear any of you complaining when I recycle posts on Facebook,--
2019-10-29 10:50:16,@lukeming @PatKennyNT Methane has long been linked as a major cause of climate change Luke....,--
2019-10-29 10:49:55,je retombe amoureuse √† chaque fois https://t.co/lAdWsKLrJ5,--
2019-10-29 10:49:48,Environmental portrait of a family at Sandymount on Sunday morning. https://t.co/mjkYptH3BY,--
2019-10-29 10:48:18,"@dedbutdrmng If you look at individual arrangements on interflora (for example), they list the flowers used: https://t.co/h8YTQ2zMRS",--
2019-10-29 10:43:35,"The narrative around sustainability is changing from ""climate change"" to ""climate emergency"".

@Forbes outlines 6 g‚Ä¶ https://t.co/AGGlANHe9U",--
2019-10-29 10:41:11,Panel on Current and future skills gaps in reuse/repair @Dept_CCAE @RediscoveryCtr @socialrecycle @NoraFahy‚Ä¶ https://t.co/bvz3TuZAPK,--
2019-10-29 10:35:19,No cold bridges on Fraser Island but good to see #Enviroform there just in case #Oz #insulation https://t.co/0GjhztxEOp,--
2019-10-29 10:30:16,Accelerate the reforestation,--
2019-10-29 10:23:56,@ChickenSkewer @awright4645 Funny how science that supports veganism and climate change is quackery and doesn,--
2019-10-29 10:22:52,"Cleaning up #plasticpollution in a novel way.
@SligoEnvNet @MayoEnvNetwork @MayoEnvironment  @SligoPPN‚Ä¶ https://t.co/ryMqqPnoZT",--
2019-10-29 10:19:06,Are you aware of the impact the work environment has on #EmployeeEngagement and #wellbeing? Find out what makes the‚Ä¶ https://t.co/tbyixa7ODA,--
2019-10-29 10:13:38,Donegal Men‚Äôs Sheds showcase highlights ‚ÄòReuse Month‚Äô ‚Äì Pic¬†Special https://t.co/kuHFhWYwDZ https://t.co/Td31yoNqQb,--
2019-10-29 10:10:31,"Next up is @kevindoolin presenting TSSG, our applied and basic research and our connection to the wider ecosystem i‚Ä¶ https://t.co/FyVRVwAgIB",--
2019-10-29 10:09:34,Rathcoole Woodlands a nature based solution to climate change. #naturebasedsolutions   #saverathcoolewoodlands https://t.co/433vBQ1H8I,--
2019-10-29 10:06:20,@killianbyrne We run to make our ourselves healthier while damaging the environment in our wake.,--
2019-10-29 10:05:53,And we wonder why there has been so much inaction &amp; lack of political will to tackle climate change. Must keep risi‚Ä¶ https://t.co/VZ9ZLdd7Hs,--
2019-10-29 09:58:41,@CGraceCassidy The organisers tweeted something about them being melted down and recycled but in this day and age w‚Ä¶ https://t.co/pvdiHjm73H,--
2019-10-29 09:45:10,"Why don‚Äôt mainstream TV and radio rock the climate change boat? #Climatechange 
 https://t.co/F6x2fDsMyt via @IrishTimesLife",--
2019-10-29 09:34:08,"Creating a healthy eating &amp; active environment survey (CHEERS) for #childcare:  an inter-rater, intra-rater reliabi‚Ä¶ https://t.co/iJ5MVwBepP",--
2019-10-29 09:26:54,"Meet Lee, a recent graduate from our 4yr Hons Degree in #Environmental #Science, completi2019-10-31 08:21:42,Looking forward to Chairing the first ever @wicklowcoco Climate Change and Biodiversity Action strategic policy com‚Ä¶ https://t.co/GdoVmFl4Z7,--
2019-10-31 08:00:17,"I had great fun designing, making, evaluating and improving a wind turbine @ESBGroup Tech Fest yesterday #ESBCTF https://t.co/WAbdB9jKRr",--
2019-10-31 07:59:25,"Focused on twin urban plagues of deadly air pollution and traffic congestion, with children, pregnant women &amp; elder‚Ä¶ https://t.co/XtUeIsiOqp",--
2019-10-31 07:55:08,"How agriculture can halt global warming - for ‚Ç¨270 billion
That is the equivalent of the world",--
2019-10-31 07:54:31,@NoonanJoe @IrishTimes True but coming via biofuel sector which has its own agenda. &gt;% ethanol may reduce emissions‚Ä¶ https://t.co/9aqRn4CQ0C,--
2019-10-31 07:53:08,Glad to know that @sinnfeinireland plan to make sure there are no increases in carbon tax for English speakers and‚Ä¶ https://t.co/sacGn7LaKN,--
2019-10-31 07:43:35,"Environmental Protection Agency audit report on Incident at Leixlip Water Treatment Plant
30/10/19

üîπÔ∏èfailure to re‚Ä¶ https://t.co/Ow8OQ6NjY1",--
2019-10-31 07:42:09,"@Limerick_Leader The environment is worth investing in, paying students to plant trees is a great way to help offse‚Ä¶ https://t.co/5xA8Nqf7yv",--
2019-10-31 07:13:29,super amoureuse en tout cas https://t.co/BL03nPwD96,--
2019-10-31 07:05:39,@DaveShotFirst It‚Äôs such a massive move this day and age. I wonder how it will deal with ‚Äúissue ads‚Äù for things like environmentalism?,--
2019-10-31 07:00:54,@luisbaram @SylviaD32911201 @cheesewame @Greens In Scotland they cut down 5.5 million trees to erect wind turbines.‚Ä¶ https://t.co/Z8na0i3tcR,--
2019-10-31 06:40:43,"Government‚Äôs electric vehicles plan ‚Äòtotally unrealistic‚Äô, say experts https://t.co/bSpUGxVxN0",--
2019-10-31 06:23:54,"Government‚Äôs electric vehicles plan ‚Äòtotally unrealistic‚Äô, say experts 

‚ÄúKevin Brady, principal officer in the Dep‚Ä¶ https://t.co/KMkqRKTcuD",--
2019-10-31 05:58:42,"Is #halloween2019 &amp; #Brexit time, are we ready for the Environmental Consequences of a #Deal or #NoDealBrexit ? Is‚Ä¶ https://t.co/WdfIZYioRI",--
2019-10-31 05:58:33,So unnecessary and probably disturbing the natural flora which could in turn cause BV which is one of the reasons w‚Ä¶ https://t.co/lDg6ZeAfOT,--
2019-10-31 05:47:51,"Tropical ocean bacteria help pump CO2 out of the atmosphere - new study
October 23, 2019

Pearse James Buchanan
Uni‚Ä¶ https://t.co/S9K4GFZoSm",--
2019-10-31 05:29:44,"Britain‚Äôs first great environmentalist used a civil war as an excuse to plant more trees

October 28, 2019
Gillian‚Ä¶ https://t.co/r04czwO5CS",--
2019-10-31 02:12:36,@Niall_Boylan Battery life for electric cars is quite short as well and battery replacement will be not environment friendly.,--
2019-10-31 01:27:44,oh https://t.co/co2nhWPcE8,--
2019-10-31 00:44:38,"@Donal_OKeeffe Euroscepticism, climate change denial, ‚Äòpro-life‚Äô views, pro-military action, anti-‚Äòelites‚Äô, anti-im‚Ä¶ https://t.co/TxPb81noqT",--
2019-10-31 00:24:46,"@DevinJohnDoyle I could literally taste the emissions, as well as see their effects on masonry. Crossing roads was‚Ä¶ https://t.co/EE3ZNg3H5l",--
2019-10-31 00:17:21,@Wahid_Al_Amal @GlobalEcoGuy Tbf:the correct claim made in the report is that 70% of all manmade CO2 (as opposed to‚Ä¶ https://t.co/TyqME9ZyRA,--
2019-10-31 00:10:33,"Arctic breakdown: what climate change in the far north means for the rest of us

Richard Hodgkins
Senior Lecturer i‚Ä¶ https://t.co/kHgh8If3Eu",--
2019-10-31 00:09:06,@LeoVaradkar So much for tackling climate change.,--
2019-10-31 00:04:15,@CorkEnvForum @exxonmobil @Exxon_Knew I was thinking that - need an international court for environmental crimes ag‚Ä¶ https://t.co/3qHPj1fhLu,--
2019-10-31 00:02:23,"11. üå±Reduction in biodiversity? Animal AG contributes to this, clearing land for 

üêÆ grazing

üê¶ hedge cutting

ü¶°cul‚Ä¶ https://t.co/VcmzUBNYqj",--
2019-10-31 00:02:21,"3. Massive destruction of ecosystems and wildlife loss already occurs due to animal AG.

üêÆClearing land for grazing‚Ä¶ https://t.co/YSkHjlexR6",--
2019-10-30 23:57:45,@Blagsco2 @Geddy7777 @Ste026x @ArndTheGrnds Don‚Äôt lie love üòú we both know you‚Äôre lying,--
2019-10-30 23:52:30,@CFCSully Think Ole said ‚Äúlike one of your shots Frank‚Äù üòÇ,--
2019-10-30 23:50:54,@Geddy7777 @Ste026x @ArndTheGrnds @Blagsco2 I always know how to shut Phil up üòòüòúüòú,--
2019-10-30 23:48:11,@Blagsco2 @Geddy7777 @Ste026x @ArndTheGrnds It‚Äôs the smell of our 1 night stand üòú,--
2019-10-30 23:47:29,@Geddy7777 @Ste026x @ArndTheGrnds @Blagsco2 Small amounts are better than not winning at all so üòúüòò https://t.co/flZyQAM9dE,--
2019-10-30 23:22:56,@Niall_Boylan Facts also mean little to those who insist that climate change isn,--
2019-10-30 23:17:35,@Niall_Boylan @Niall_Boylan  The carbon tax is the water tax in disguise. It,--
2019-10-30 23:06:32,‚ÄúAnd then you meet the right people and put yourself in the right environment‚Äù. Really good read!! https://t.co/T7Ll3Vms2t,--
2019-10-30 22:55:20,Je crois je suis amoureuse d,--
2019-10-30 22:45:00,Br√∫ na B√≥inne @UNESCO World Heritage Site - a less than 90min drive from @ucddublin @ucdarchaeology continues to ma‚Ä¶ https://t.co/g9qYb6OnJL,--
2019-10-30 22:45:00,"Climate change activists targeted an oil industry conference in #Dublin, calling for an end to oil &amp; gas exploratio‚Ä¶ https://t.co/dIEnC4VM5Y",--
2019-10-30 22:43:41,@vijaya @drivenbyboredom @WillOremus Allowing non-profit organisations that advocate for environmental causes could‚Ä¶ https://t.co/NMqCs25eif,--
2019-10-30 22:43:17,ah yes climate change activists setting fire to plastic. not toxic at all. love to see it. https://t.co/kzq5pkRwQV,--
2019-10-30 22:42:55,@Ireland_Greener Tell me how we are to change from the utilisation of fossil fuels without a sustainable and plenti‚Ä¶ https://t.co/FzRC14Eogd,--
2019-10-30 22:41:03,Serious threat to environment and people ...but as a footnote... a  #ballyporeen pub is at risk - in California üî•‚Ä¶ https://t.co/7GM0xyOf62,--
2019-10-30 22:34:46,Less sexy headline: Twitter bans ads about climate change https://t.co/QbmlxyRxaf,--
2019-10-30 22:32:28,@RealCandaceO Really? Bill Gates is working to stop climate change + Warren Buffett thinks the rich must b taxed mo‚Ä¶ https://t.co/wapbfNm8n1,--
2019-10-30 22:20:00,@Bobbybi43534944 Yess! Intersectionality is something that really has to be spoken about when we speak about climate change,--
2019-10-30 22:10:49,At present there are common goals which must be respected globally to ensure the health and environmental protectio‚Ä¶ https://t.co/5qqKLttz9c,--
2019-10-30 22:08:30,Munich study confirms severe decline in insect populations in Germany https://t.co/MhUSOE6Ou3 #climatecrisis #biodiversity,--
2019-10-30 22:05:58,"‚ÄºÔ∏è‚ÄºÔ∏è‚ÄºÔ∏è

Users can also sell products on the app. Making it an ideal environment for both consumers and sellers.

#ChanceIt",--
2019-10-30 22:05:31,@alexfrni mais omd amoureuse de ouf,--
2019-10-30 22:03:31,Aaaaaand governments and people who refuse to believe in climate change are still going to turn a blind eye to scie‚Ä¶ https://t.co/JOHPmxIiRU,--
2019-10-30 22:02:22,@rothes_gkeeping @golfenvawards @EnvironmentGolf üëåüèª,--
2019-10-30 21:54:28,@Paulkenny79 @baldwinbiogas @Filly_10 @EAASolutions @swimsure @Ian_D_Kilgallon @RenewGasRGFI @IEABioenergy‚Ä¶ https://t.co/CHJ9VI1SlM,--
2019-10-30 21:47:27,"@greenparty_ie Climate change üôå 

Lads, it ain",--
2019-10-30 21:42:10,@IsabelHardman And not in the ecological/environmentalist sense!,--
2019-10-30 21:41:33,@Paulkenny79 @baldwinbiogas @Filly_10 @EAASolutions @swimsure @Ian_D_Kilgallon @RenewGasRGFI @IEABioenergy‚Ä¶ https://t.co/LhX0hSS2hc,--
2019-10-30 21:30:00,MEP Kelly calls for fund to help those impacted by climate change policy: https://t.co/vlWeoLLm7L,--
2019-10-30 21:18:30,je suis trop heureuseü•∫,--
2019-10-30 21:14:33,"@volvocars Did nobody on brand realise a wind turbine is 3/4 of a @MercedesBenz logo? 

What do you think‚Ä¶ https://t.co/Nie6iqFJri",--
2019-10-30 21:11:39,"@AG_Author God Han, wrecking the environment like that just so you can BREATHE! So selfish....",--
2019-10-30 21:10:28,"Recycle, watching match and reusing old card board https://t.co/nW1ae2zTvI",--
2019-10-30 21:09:04,"I get this, the carbon footprint of my diabetes meds are horrendous....the medical plastics waste is a big issue.‚Ä¶ https://t.co/cDCiJdT2i4",--
2019-10-30 21:06:58,@ShaneXRI @ExtinctRebelsIE @FineGael @GreenNews_ie @ExtinctionR You are correct of course Shane - the environment *‚Ä¶ https://t.co/94N3bXpmzk,--
2019-10-30 21:03:51,@becksmoo And they only have Asthma due to the carbon emissions in the first place !!,--
2019-10-30 21:02:15,@CFCSully Was looking for it but Alonso clearly fouled him,--
2019-10-30 20:57:50,@baldwinbiogas @JerryDMurphy66 @Filly_10 @EAASolutions @swimsure @Ian_D_Kilgallon @RenewGasRGFI @IEABioenergy‚Ä¶ https://t.co/K8PxLJTlTT,--
2019-10-30 20:57:48,@CFCSully Was a pen imo,--
2019-10-30 20:56:16,@eazycubee heureusement jtai pas invit√©,--
2019-10-30 20:56:00,Was running a #climate &amp; #biodiversity camp for children yesterday when this leaflet was pushed in the door. Lots o‚Ä¶ https://t.co/g9JXspILby,--
2019-10-30 20:52:51,@JerryDMurphy66 @Filly_10 @baldwinbiogas @EAASolutions @swimsure @Ian_D_Kilgallon @RenewGasRGFI @IEABioenergy‚Ä¶ https://t.co/9ddmbaxZMK,--
2019-10-30 20:47:34,@DarbyFionnuala Should add I also believe environment is key in gathering data! #nature #wellbeing,--
2019-10-30 20:45:56,Important study. Effectiveness of agri-environmental objectives strongly affected by social &amp; behavioural factors.‚Ä¶ https://t.co/rywimXJWwa,--
2019-10-30 20:39:13,"@Goat_Ward @taciturasa @Up8Em Climate change is real, but it",--
2019-10-30 20:36:58,I assume the ban on political ads will extend to environmentalists as well? Or will we see twitter announcing that‚Ä¶ https://t.co/ilt8LV4jlG,--
2019-10-30 20:32:58,One week in the Antarctic without the benefit of fossil fuels. https://t.co/FlktCoEoaZ,--
2019-10-30 20:31:50,@CountryCrest @mickkellygrows Bet they taste better AND have a far lower carbon footprint than being air freighted in from US.,--
2019-10-30 20:31:03,"Our speakers are Irish-based &amp; have achieved high levels of success in the Irish business environment.
They are all‚Ä¶ https://t.co/hB7n5IrPhs",--
2019-10-30 20:28:55,"#Colgate launches #Bamboo #toothbrush in #plasticfree packs
#environment 

 https://t.co/wyZTp7Aq3s",--
2019-10-30 20:20:06,Deveire getting the new environmental branding ready prior to shooting our corporate video.  For all updates on our‚Ä¶ https://t.co/KTRLJTz05K,--
2019-10-30 20:17:17,@kizzy2003 @mickkellygrows @CountryCrest The same people banging on about climate change &amp; determined to drive farm‚Ä¶ https://t.co/Fu5lSR6fu2,--
2019-10-30 20:14:55,"Not sure what to make of this 

#plastic #recycling #environment https://t.co/NgquILX3b8",--
2019-10-30 20:11:06,@therealhatcher That would be great- snobbish and environmentally unfriendly,--
2019-10-30 19:59:18,@ECOSenvironment @ilovelimerick @Limerick_Leader @limerickcitybiz Yes there is at https://t.co/Kc2vf8MeHa,--
2019-10-30 19:43:31,"A night of ghosts and ghouls st Scare in the Park #SligoFolkPark 
#Halloween @sligotourism #Sligo #MySligo https://t.co/WCWaqUCO2d",--
2019-10-30 19:36:17,@viticci They are really good - and WAAY cheaper than an electric vehicle! but now I can‚Äôt hear my engine anymore! :D,--
2019-10-30 19:33:38,@loftysnds @8RadioIreland @sodablonde @JackORourkes @thisisZALI @richiejape @mariakellymusic @ssquareheadd‚Ä¶ https://t.co/B4lco2tG2G,--
2019-10-30 19:22:30,ExCUSE me my inhalers are THIS size how could they emit THAT much greenhouse gases. Try again x‚Ä¶ https://t.co/MCt5e3aAqE,--
2019-10-30 19:18:24,Don‚Äôt tell me college is an equal opportunities environment when I keep having to explain ‚Äúat the door‚Äù to posh peo‚Ä¶ https://t.co/tD9QAPAujH,--
2019-10-30 19:12:24,The environmental group says the demonstration represents the blood on the hands of the oil corporations. https://t.co/CiCRIw9dcc,--
2019-10-30 19:06:43,"My latest podcast...with climate change debate raging, how will Ireland generate electricity in 20 years time? And‚Ä¶ https://t.co/vilmr6HWvj",--
2019-10-30 19:03:40,When in Rome ?....recycle. - Zero Waste Alliance Ireland https://t.co/YRcJZHstje via @zerowaster,--
2019-10-30 19:02:22,"Delighted to announce on last day of#reusemonth #reuseandrecyclemonth  #trendy

#ecochristmasfair @CarlowLEO‚Ä¶ https://t.co/kNl87fe0q6",--
2019-10-30 19:02:06,"Gender Lens Investing Tool Adds Sustainability Report Card, Grading Funds on Climate, Deforestation, and Weapons ‚Äî‚Ä¶ https://t.co/87nNj46hQ3",--
2019-10-30 18:44:04,The thought of the damage we have done to our environment is scary. The thought of building a sustainable future fo‚Ä¶ https://t.co/ylOHJ5iW1k,--
2019-10-30 18:42:58,@dgahk When Global warming didn,--
2019-10-30 18:36:54,Electric vehicles in bus lanes what a crazy idea.  It certainly would not benefit users of public transport who wou‚Ä¶ https://t.co/cCwaLar5Ky,--
2019-10-30 18:35:45,"@AriyoAdeniyi3 @thegyth @vanessa_vash @GretaThunberg + Obliterate/largely reduce global warming --&gt; a fantasy
+ Env‚Ä¶ https://t.co/artzfy8E6e",--
2019-10-30 18:33:42,@jacob_sheerin killing the environment https://t.co/w9wltx3792,--
2019-10-30 18:30:00,"#WATCH Dramatic scenes as environmental protestors target an oil industry conference in #Dublin

‚¨áÔ∏è@Nicole_gernon r‚Ä¶ https://t.co/5z5nSIyaS0",--
2019-10-30 18:25:03,Aldi is to scrap the use of 12.5 million plastic bags annually with the introduction of three new environmentally f‚Ä¶ https://t.co/tcxMOYi5Ml,--
2019-10-30 18:08:38,@Icfcsam The almighty Burton,--
2019-10-30 18:04:56,"@JPA_Kennedy @dlrcc Cllr, would there be any progress on air pollution monitors for villages in DLR? Particularly t‚Ä¶ https://t.co/OdUufdvLE5",--
2019-10-30 18:02:14,"Halloween Bonfires

Bonfire burning is a serious threat to public health &amp; the environment, &amp; can contain hazardous‚Ä¶ https://t.co/gbfbEHbvVI",--
2019-10-30 18:00:00,Bioenergy: ‚ÄòThe next decade cannot be a missed opportunity‚Äô @AgrilandIreland https://t.co/XdXqvkYfDe,--
2019-10-30 17:59:19,@AriyoAdeniyi3 @thegyth @vanessa_vash @GretaThunberg Absolutely. If we switch from fossil fuels to renewables at th‚Ä¶ https://t.co/ZJdHRX0sCs,--
2019-10-30 17:51:47,Motions I submitted this evening to seek better air quality monitoring - especially along M50 - were agreed unanimo‚Ä¶ https://t.co/H4inGGIaWo,--
2019-10-30 17:46:11,"Simple tips on Going Green this Halloween from CRNI Member @socialrecycle üéÉHappy Halloween!
üëâhttps://t.co/t6U0kEJcoR https://t.co/Hhgya30R6B",--
2019-10-30 17:35:36,Fantastic to see the #reuse creativity of secondary students via the @westmeathcoco #ReuseMonth Relove Fashion Comp‚Ä¶ https://t.co/XVFlclOfSe,--
2019-10-30 17:34:52,The largest wind energy project in Ireland is being proposed off the Cork coast https://t.co/0trwOpwPn7,--
2019-10-30 17:30:01,Major investments in renewable energy are a critical step to address Amazon‚Äôs carbon footprint globally. Find out h‚Ä¶ https://t.co/mb62716nFe,--
2019-10-30 17:28:28,@mikepiyp @RayGarciahawaii @lfh1744 She was being sarcastic about trump not believing in climate change with a guy‚Ä¶ https://t.co/kcU7ydFOvs,--
2019-10-30 17:23:03,"Finding things to #ResueEveryday @CarlowLibraries !
Lots of little &amp; big hands learning to #remake #reuse &amp;‚Ä¶ https://t.co/uLPJ30odJk",--
2019-10-30 17:20:58,"Can we bring back the concept of sexual imagery being artistic? It may just be my environment, but something being‚Ä¶ https://t.co/DpCngsr4f4",--
2019-10-30 17:15:17,"A big thanks to our local @SVP_Ireland who loaned their mannequins for the display. 

#ReuseMonth #Upcycling‚Ä¶ https://t.co/cJ2l4XMnCO",--
2019-10-30 17:15:13,"A great example of what #ReuseMonth is all about: Reuse at Home, at Work, at Play. 

#SustainableFashion #Upcycling‚Ä¶ https://t.co/uM7lJkoyFC",--
2019-10-30 17:10:21,What if the solution to climate change is @MeghanMcCain letting someone finish a sentence?,--
2019-10-30 17:10:16,"National Reuse Month is almost over but many of the simple habits can and should be used year-round such as:

-Refi‚Ä¶ https://t.co/6rDbK9oDV8",--
2019-10-30 17:01:21,"Protecting our #NaturalResources, the conservation of #biodiversity and addressing #ClimateChange are some of the m‚Ä¶ https://t.co/VXLbGDHKN7",--
2019-10-30 16:56:40,"I love the Irish environment which is why plants &amp; animals are frequent in my work. At the moment I have a buy one,‚Ä¶ https://t.co/UNcXOFnJzk",--
2019-10-30 16:56:24,If you are really committed to the environment you can replace your front lawn with a wild flower meadow. It‚Äôs an i‚Ä¶ https://t.co/w9uXh0lqjl,--
2019-10-30 16:56:20,"The environment really matters to me as I worked on the conservation of wildlife &amp; plants in Ireland, Wales &amp; Scotl‚Ä¶ https://t.co/9pAvqrg2Rc",--
2019-10-30 16:56:10,"#Meteora, #Greece, has been named a UNESCO World Heritage Site for a reason: here",--
2019-10-30 16:49:02,"Develop your skills in #CustomerCare #GeneralAdmin and #Computers in a supportive learning environment, apply for t‚Ä¶ https://t.co/PCmmGuXaF8",--
2019-10-30 16:42:23,"‚ÄòIf the fashion industry were a country, its emissions would rank almost as highly as entire European continent.‚Äô‚Ä¶ https://t.co/i46jEXbI3P",--
2019-10-30 16:39:22,@boggywood @rte @rtenews @LeoVaradkar @Paschald @merrionstreet @NiallCollinsTD Climate change deniers - still lying‚Ä¶ https://t.co/rfst6qXrpT,--
2019-10-30 16:38:30,If FG and indeed the EU were serious about fighting climate change and the biodiversity crisis then they would have‚Ä¶ https://t.co/JiFOpPqzTF,--
2019-10-30 16:35:17,@SpeakerPelosi Botox face it was started by a tree hitting a wire.   Not exactly global warming,--
2019-10-30 16:34:32,"Have a safe and happy #Halloween!
‚ö†Ô∏èPlease listen to the important message form our #Environment team at Longford C‚Ä¶ https://t.co/FwvBke1VQp",--
2019-10-30 16:31:31,"Panel: Financial return with positive social, environmental impact #makewaves 
@responsibleinno https://t.co/7phSCLFgWP",--
2019-10-30 16:25:25,"@thetimesIE Fantastic to see that Ireland continues to offer an excellent, supportive environment for start-ups!",--
2019-10-30 16:10:02,Most of Cork city to be underwater by 2050? The climate change forecasts aren,--
2019-10-30 16:08:56,"Experts: Overnight switch to environmentally friendly petrol would give same climate benefits as 100,000 electric v‚Ä¶ https://t.co/SDJ0oJaawh",--
2019-10-30 16:06:03,@Alanjcoffey @inkling_micko @udippy @floydruns @Marchick19 @GaryJk64 @rtenews @Shane_RossTD motorists who use their‚Ä¶ https://t.co/1d06co2Gl4,--
2019-10-30 16:04:36,"Ireland is a stunningly beautiful country. It has UNESCO World Heritage sites, dramatic seascapes and breathtaking‚Ä¶ https://t.co/Wvqj9XarwS",--
2019-10-30 15:52:14,@rtenews The carbon tax.....electricity and transport cost increases seems to have been the  last straw for people of Chile.....,--
2019-10-30 15:51:58,"This article is framed so so badly. As an environmentalist &amp; a sufferer of chronic respiratory illness, this is not‚Ä¶ https://t.co/5d8j9E7qEp",--
2019-10-30 15:46:02,"Understand the basics of our environment, and how we as humans impact its sustainability, with this free introducto‚Ä¶ https://t.co/0Q5TLyDo3v",--
2019-10-30 15:45:44,"Although the mitigation potential of restoring green ecosystems, notably forests, is greater in total, the mitigati‚Ä¶ https://t.co/fcU5HWaAjc",--
2019-10-30 15:45:42,"Intact ecosystems #sequester #carbon, degraded ones #emit carbon. Between 20 and 50% of global blue carbon ecosyste‚Ä¶ https://t.co/CtMwtPlgCM",--
2019-10-30 15:45:40,Great potential for climate change mitigation by simply protecting and restoring ocean ecosystems üëâ‚Ä¶ https://t.co/0W4b53VEnX,--
2019-10-30 15:45:38,"@baldwinbiogas @EAASolutions @swimsure @Ian_D_Kilgallon @RenewGasRGFI Nope, biomethane isn‚Äôt negative co2. The sust‚Ä¶ https://t.co/p8N6pKK0Hh",--
2019-10-30 15:44:48,"Ennis wins back-to-back air quality award and ‚Ç¨2,250 prize money from the Department of the Environment yet polluti‚Ä¶ https://t.co/eBlIfTm8rV",--
2019-10-30 15:35:07,"#Environmentalism is a cry from the soul- Public services, such as healthcare, should understand the impact they ha‚Ä¶ https://t.co/0biEEvinsT",--
2019-10-30 15:34:52,Academics demand career breaks so they can save the planet from climate change,--
2019-10-30 15:30:42,Climate change is causing ,--
2019-10-30 15:30:27,"Through Fairtrade Mary has also learnt about environmental #sustainability &amp; why to create buffer as a farmer 

One‚Ä¶ https://t.co/iIJptjvBYb",--
2019-10-30 15:26:05,News: Anger At Persistent Dumping At Kildare Cemetery. https://t.co/FMteBlIvXj,--
2019-10-30 15:06:04,Thinking bigger: How early‚Äêlife environmental exposures shape the gut microbiome and influence the development of a‚Ä¶ https://t.co/4qZcuR7Xt1,--
2019-10-30 15:04:29,If environmentalists could stop shitting all over the sick and disabled and actually went after the companies causi‚Ä¶ https://t.co/7GJjNVPRuQ,--
2019-10-30 15:03:00,"October is Ireland‚Äôs National #ReuseMonth

An opportunity to really value your stuff ‚Äì so consider how you can‚Ä¶ https://t.co/PiDtj6CADp",--
2019-10-30 14:59:53,"Viennese symphonies: 900 years of winemaking, our first carbon neutral and Austrian wines - https://t.co/1yeOGmJ0zx https://t.co/yvxZpSRHPR",--
2019-10-30 14:55:54,Promoting use of environmental and social considerations in public procurement https://t.co/LH5qWwiqK7,--
2019-10-30 14:47:03,"@seany1962 Largely depends on the kid.
Football-wise he needs to play in an environment that‚Äôs challenging.
However‚Ä¶ https://t.co/k191loqjKF",--
2019-10-30 14:46:18,"Greta Thunberg rejects Nordic Council environmental award 

https://t.co/XKHxS16UYU",--
2019-10-30 14:46:00,A very happy birthday to @apiphile! I hope it rains (environmentally friendly) glitter in London today.,--
2019-10-30 14:41:45,"#ClimateChange activist @GretaThunberg has declined an environmental prize worth ¬£40,000 saying ",--
2019-10-30 14:37:08,"@swimsure @terhorab A couple of years ago ROI peat extraction EF was a nonsensical 0.25 t CO2-C, this increased to‚Ä¶ https://t.co/m2gOY1glpm",--
2019-10-30 14:33:35,So incredibly inspiring what Vitoria-Gasteiz have achieved.  Our sustainable development postgrads were there a few‚Ä¶ https://t.co/RfX5g15wqg,--
2019-10-30 14:22:47,Bloomberg: Germany‚Äôs wind turbine industry sees declining interest among investors to building more turbines on lan‚Ä¶ https://t.co/bD53Sn8lzl,--
2019-10-30 14:20:10,A report by the House of Commons‚Äô #Environmental Audit Committee has acknowledged that online sales are a route for‚Ä¶ https://t.co/bbcBBNIRN0,--
2019-10-30 14:17:25,"Wow!
Everyone should see this &amp; follow:

A ZERO WASTE MARRIAGE:
https://t.co/bFQ3a49bum

#environment #save #recycle #zerowaste #india",--
2019-10-30 14:07:53,"Claims that environmentally friendly petrol would give same climate benefits as 100,000 electric vehicles https://t.co/9cgTDAInxO",--
2019-10-30 13:59:41,Seems like a no brainer.     Experts: Overnight switch to environmentally friendly petrol would give same climate b‚Ä¶ https://t.co/1RB2xUtFaJ,--
2019-10-30 13:55:08,Hugh Doherty of Q.E.D Environmental &amp; Engineering Consultancy talks to us about his business and why he choose‚Ä¶ https://t.co/QLF3KbsHZi,--
2019-10-30 13:54:24,"That is so kind Sarah and appreciated @sarahcareyIRL, @miriamdonohoe your questions always generated lively discuss‚Ä¶ https://t.co/viQtco2h3v",--
2019-10-30 13:46:26,To keep track of carbon footprint and apply #circulareconomy in real life Climate Action App is on its way to help‚Ä¶ https://t.co/PSOqwzxLoM,--
2019-10-30 13:45:00,"3,000+ wildlife records for County Louth logged at the National Biodiversity Data Centre this year. Second highest‚Ä¶ https://t.co/uYNVtbRYes",--
2019-10-30 13:43:13,"@AriyoAdeniyi3 @thegyth @vanessa_vash @GretaThunberg Fossil fuels are what have ENABLED the green revolution. 

Tak‚Ä¶ https://t.co/u2OLYCk21u",--
2019-10-30 13:35:05,"Burning household waste in bonfires is bad for the environment, can cause serious injury if pressurised containers‚Ä¶ https://t.co/W1zULHpyyJ",--
2019-10-30 13:32:26,Asthma carbon footprint ,--
2019-10-30 13:30:00,"#WATCH Environmental protesters are targeting an oil industry conference in #Dublin

‚¨áÔ∏è@Nicole_gernon is there‚¨áÔ∏è‚Ä¶ https://t.co/fPxeBKI5Kh",--
2019-10-30 13:28:47,All the press coverage of inhalers being as bad as meat for the environment.  Asthma drugs have saved my sons life‚Ä¶ https://t.co/HmPVAH5eAI,--
2019-10-30 13:28:06,@tottinge @Hugues_Ferland Also output-per-period per person might not be relevant in a non-sequential environment/t‚Ä¶ https://t.co/qdwEGZbttv,--
2019-10-30 13:21:16,@echolivecork Well done @echolivecork for being brave enough to look at the environmental elephant in the room.‚Ä¶ https://t.co/AmjofuWKyH,--
2019-10-30 13:01:31,Greta Thunberg declines environmental award https://t.co/7vjw3VJKWN via @RTENewsNow,--
2019-10-30 12:50:29,@RichardbrutonTD This has to mean an end to car-dependent suburban sprawl as it has the highest carbon footprint of‚Ä¶ https://t.co/TfkPVzFZma,--
2019-10-30 12:48:52,@Icfcsam Your not exactly the powerhouses you may think you are... https://t.co/uMi7InOO4A,--
2019-10-30 12:40:33,Preparing car parks for the risks of charging electric vehicles https://t.co/iZxtuajGG5,--
2019-10-30 12:37:53,Environmental concerns raised about cruise liners in Cobh https://t.co/oaw8imprcR,--
2019-10-30 12:34:59,@d_antinora @rasmushbirk And you can take massive doses of antibiotics that wipe out your gut flora without becomin‚Ä¶ https://t.co/L5w2JT0stf,--
2019-10-30 12:34:04,"So many ultra low cost solutions based on OEM hybrid/electric vehicle part #upcycling üòé

If you have access to‚Ä¶ https://t.co/zIEVD0iLoo",--
2019-10-30 12:31:54,It‚Äôs true. I‚Äôm balls deep in the Apple ecosystem. And I fucking love it,--
2019-10-30 12:21:49,Every tree here - every single one - is under risk of the axe from #busconnects 52 diesel emissions buses pr hr pas‚Ä¶ https://t.co/np2zxOgn2W,--
2019-10-30 12:14:58,@x_isco23 ÿØŸàŸÖŸÖŸÖ ÿ®ÿÆŸäÿ±ÿ±,--
2019-10-30 12:13:33,@x_isco23 ÿßŸÑŸÑŸá Ÿäÿ®ŸÇŸäŸÉ ŸÉŸäŸÅŸÉ ÿü,--
2019-10-30 12:12:37,@x_isco23 ÿßÿ±ÿ≠ÿ®ÿ®ÿ®ÿ® ÿπÿ®ŸàÿØ,--
2019-10-30 12:09:00,Is Irish metro-phobia and the need to protect rural ecosystems a conflict or an opportunity for metropolitan govern‚Ä¶ https://t.co/7HFxjEcvdo,--
2019-10-30 12:08:54,Commute is a pain and cost people/business while damaging the environment. MLN innovative carpoolin app might be a‚Ä¶ https://t.co/1RZgGtEahU,--
2019-10-30 12:05:29,"October is Reuse Month.
 Reuse Month is an opportunity to focus on Reuse and create awareness of Reuse at home, at‚Ä¶ https://t.co/dOZL716Ylk",--
2019-10-30 11:59:41,Great panel discussion @responsibleinno summit around creating social and environmental change with @cooney_emer‚Ä¶ https://t.co/R1R2OW81nn,--
2019-10-30 11:54:03,"quando me perguntam ""onde t√° a fauna"" https://t.co/miR2BTJ843",--
2019-10-30 11:50:53,@ShaneSmith197 Create environment where the skills emerge. If we have a movement before skill approach in the early‚Ä¶ https://t.co/wU57m1suL4,--
2019-10-30 11:48:21,New study by @YSInow shows that 47% of young people in Ireland are worried about climate change. 9/10 feel life is‚Ä¶ https://t.co/b2ZvwyrPiJ,--
2019-10-30 11:46:49,"Enthused about this new environmental journal, Channel. Submissions for Issue 2 open Friday. @Channel_LitMag https://t.co/KzfwVQi2Ej",--
2019-10-30 11:39:42,"@benirishhome @DCCbeta The notice advertising them used to boast of superb BER, solar panels, etc",--
2019-10-30 11:39:12,"Safety should be at the heart of what you do, to ensure the best working environment.

Often planning Environmental‚Ä¶ https://t.co/AQYkPzNQnh",--
2019-10-30 11:36:28,"Are you looking to kickstart your #career in #blockchain in a rapidly growing start-up environment, working with so‚Ä¶ https://t.co/P8pds3keBV",--
2019-10-30 11:25:29,Honestly the thoughts of getting it done was 100x worse than actually getting it done and it‚Äôs fucking unreallllll‚Ä¶ https://t.co/RCO2k9j8Fx,--
2019-10-30 11:22:50,"Add #repair and you have a virtuous cycle!
@SligoEnvNet @MayoEnvNetwork @MayoEnvironment https://t.co/hfF31ZQLDf",--
2019-10-30 11:17:10,@Debmorg2 @RepJeffDuncan @realDonaldTrump He was giving an account of the transcript. The full one has yet to be re‚Ä¶ https://t.co/ZzYlYco2BL,--
2019-10-30 10:58:25,"@CByrneTD as my local TD, I ask you to oppose any proposal to allow electric vehicles use bus lanes. The solution t‚Ä¶ https://t.co/um9CkhMsOL",--
2019-10-30 10:56:23,Do you have an eagle‚Äôs eye for detail &amp; serious communication skills? If you thrive in a busy environment and list‚Ä¶ https://t.co/cr5odhOqy9,--
2019-10-30 10:54:23,Neuer Heizspiegel: In energetisch sanierten H√§usern kostet Heizen nur halb so viel / Abrechnung 2018:...co2online g‚Ä¶ https://t.co/RSnbKv0nNH,--
2019-10-30 10:47:11,Article from 2016!  Why has @ClareCoCo or local TDs done nothing to stop the problem? Air pollution levels rise sha‚Ä¶ https://t.co/kuCVKYYimc,--
2019-10-30 10:45:07,Ninety second video that will help you think more clearly about home insulation. We need to change the way we think‚Ä¶ https://t.co/6DKermB1Y9,--
2019-10-30 10:43:27,"Transportation is not good for the environment, but there are ways it (and you) can be better. https://t.co/sh73kuHKio",--
2019-10-30 10:39:40,@thugell mais euh ??????? simon ???????? jsuis amoureuse,--
2019-10-30 10:32:55,"#Ireland ‚Äòwoefully behind‚Äô on #renewables ‚Äì #IrishBioenergyAssociation:

https://t.co/xSPHV6JSQ7",--
2019-10-30 10:32:24,En route to Carlow for @UCD_Geography first year fieldwork ... environmental sustainability in small towns!,--
2019-10-30 10:30:08,It‚Äôs SCARY the amount of batteries that don‚Äôt get recycled! Recycle your batteries this Halloween and support Batte‚Ä¶ https://t.co/jIPmxBlT9I,--
2019-10-30 10:28:19,Talks about climate change and anxiety and cognitive dissonance,--
2019-10-30 10:22:34,Attending IrBEA National Conference 2020 - Bioenergy Future Ireland. Thank you Paul Deane for delivering a compelli‚Ä¶ https://t.co/VBnlsA12Cl,--
2019-10-30 10:15:08,Heureusement il m,--
2019-10-30 10:13:30,amoureuse https://t.co/8msEKH1OLD,--
2019-10-30 10:08:04,"Last week at the SAP-sponsored #LDF19, designers announced initiatives to combat climate change. Watch this @saptv‚Ä¶ https://t.co/OEwly8mRyR",--
2019-10-30 10:05:27,"Another cool #ElectricCar project in #Ireland üòéüëç

#EV #ElectricVehicles #opensource #recycle #upcycle‚Ä¶ https://t.co/uYYqLl53BJ",--
2019-10-30 10:02:45,There are still some places available for biodiversity training being held across the different venues highlighted‚Ä¶ https://t.co/Ku1mQKX9bb,--
2019-10-30 10:00:00,MEP Kelly calls for fund to help those impacted by climate change policy: https://t.co/QOSu6f3HQF,--
2019-10-30 10:00:00,MEP Kelly calls for fund to help those impacted by climate change policy: https://t.co/vlWeoM2WZj,--
2019-10-30 09:58:40,According to junior environment minister @SeanCanney: ‚ÄúThe key to achieving our climate action targets is to bring‚Ä¶ https://t.co/gB38TitzUK,--
2019-10-30 09:57:28,"@Ruud_Koop_mans Verstand van zaken hebben ze niet, CO2 uitstoot van gas mag niet maar de broeikasgassen die windmol‚Ä¶ https://t.co/cSYgpGTt1b",--
2019-10-30 09:50:15,"""Started using Docker for my local Laravel dev environments and threw together a 15-min ..."" https://t.co/JwWVCS5W3E",--
2019-10-30 09:43:51,"#makewaves 
@dublinbiosphere https://t.co/GK7ExCmclt",--
2019-10-30 09:43:43,"Once all the cows are banned to stop climate change, I‚Äôll be banned next!! #sadface  
https://t.co/VTCsEJp7bT https://t.co/a3HPyadIAt",--
2019-10-30 09:33:27,"What you mean-
i recycle my OCs everytime when I",--
2019-10-30 09:27:08,"@edlemming ""They never brought up divestment, emissions, the toxicity of fracking, or climate change. Instead, they‚Ä¶ https://t.co/eODNBqSofE",--
2019-10-30 09:25:49,"#KeepItInTheGround vs keep it coming - where does Ireland really stand on fossil fuels? #climate 
https://t.co/K2HsB1PU14",--
2019-10-30 09:25:05,Great chance to recognise those that are making a difference and nominate them for the 2019 CEF Environmental Award‚Ä¶ https://t.co/9biHiN7xlv,--
2019-10-30 09:21:31,Delighted to be atending the IrBEA National Conference 2020 - Bioenergy Future Ireland - some really interesting th‚Ä¶ https://t.co/OH5Z5jWkLg,--
2019-10-30 09:19:16,‚ÄúA report has warned‚Äù. Funny they‚Äôll listen to this ‚Äúwarning‚Äù but won‚Äôt listen to any warning about global warming https://t.co/DtUHYlxl7a,--
2019-10-30 09:13:21,"Ennis, winner of 2019 ‚Å¶@TidyTownsIre‚Å© air quality award, records worst autumn pollution. And it‚Äôs smoky coal being‚Ä¶ https://t.co/GQMLI2RyRg",--
2019-10-30 09:12:02,@CAugustenborg Bear in mind EVs are not emissions-free. Their construction is also energy intensive. And neither are carbon-free.,--
2019-10-30 09:07:05,NASA: Ozone layer hole shrinks to smallest size since discovery https://t.co/wTJ7vks20x,--
2019-10-30 09:05:16,"How is climate change affecting youth in #Malawi? Meet Jesse &amp; Isaac, two young people who are speaking up on how‚Ä¶ https://t.co/iRZaosZVYD",--
2019-10-30 09:03:05,@Icfcsam You can see how much it meant to Christian Fuchs when Iheanacho scored last night after hardly getting a l‚Ä¶ https://t.co/Nw0SrL0Es6,--
2019-10-30 09:01:04,@AlanBluett is looking to speak to professionals with previous experience in a consultancy banking environment for‚Ä¶ https://t.co/SZEmnIvdxp,--
2019-10-30 09:01:03,"#NewIUAWebsite
Developing a balanced and dynamic research ecosystem is a key priority for IUA and our Director of R‚Ä¶ https://t.co/CwWcju71LG",--
2019-10-30 08:56:52,"So this is a thing we‚Äôre doing, looking at local issues with the Climate &amp; Biodiversity Crises as our priorities, &amp;‚Ä¶ https://t.co/6x5XYxDDKP",--
2019-10-30 08:56:41,Cities turn to urban forests to combat climate change /via @globeandmail https://t.co/dqtOszJfMX,--
2019-10-30 08:56:08,@i_D Disgusting. Celebrating the burning of fossil fuels in this day and age.,--
2019-10-30 08:38:19,Nice to see @MrMuselk doing his bit for the environment https://t.co/BNKS9hHvm4,--
2019-10-30 08:37:14,"@rtenews Well done John .. climate change scaremongers are always straight on the attack, no evidence only Greta s‚Ä¶ https://t.co/bdy5WvJ207",--
2019-10-30 08:30:00,A poll by @IrishTimes revealed 55 per cent of voters believe climate change ‚Äúis the most serious issue facing the w‚Ä¶ https://t.co/QuGmGTfhPE,--
2019-10-30 08:19:49,"@Evershite Whhat about the environment, these will all end up in the ocean especially if they keep doing it when th‚Ä¶ https://t.co/Gl96ahl6Dp",--
2019-10-30 08:18:49,"@FranRockett85 All about the environment for players, especially young players.",--
2019-10-30 08:07:37,"@stevohanley It‚Äôs really not fair on parents, and I think that‚Äôs why the confusion over private assessments is part‚Ä¶ https://t.co/RKcCO2cHj0",--
2019-10-30 07:51:54,.@DCUWater -outdoor office üòÅ- back on the Brian Boru for planning discussions with @dublinbiosphere @hegarty_susan‚Ä¶ https://t.co/LcrSmq3bOz,--
2019-10-30 07:51:36,"@BrianLeddin Electric vehicles are clearly part of the answer, Funding the railways is the main part of the answer‚Ä¶ https://t.co/CdYd7LNdZI",--
2019-10-30 07:49:18,@farmersjournal Irresponsible comments like this set a negative tone for an environmental scheme making a joke of i‚Ä¶ https://t.co/MwrzAjTAOB,--
2019-10-30 07:47:55,On the forest floor #flora #nature https://t.co/pzlROXWVuh,--
2019-10-30 07:43:19,"Something I never considered: 
@BBCNews
News - Asthma carbon footprint ",--
2019-10-30 07:41:18,"https://t.co/DZslaYo0Sx

#environment #asthma #CO2 #carbonfootprint",--
2019-10-30 07:33:11,Important paper by @terhorab and others reporting GHG emissions from German organic soils #keepitintheground‚Ä¶ https://t.co/DDn24ttDAk,--
2019-10-30 07:27:24,#ClimateChange  #co2 https://t.co/UswjyPBrg5,--
2019-10-30 07:24:45,Drained peat soils are a worldwide problem. German drained organic soils emit more than 55 Mt CO2-eq. per year. Thi‚Ä¶ https://t.co/zrujv0tsDs,--
2019-10-30 07:02:47,Limerick secondary school leads by example in environmental awareness with two major awards https://t.co/zU5EI05Va2,--
2019-10-30 06:34:09,Em I‚Äôm pretty sure the Green Party told us to buy a diesel car- which was better for the environment ü§∑üèº‚Äç‚ôÄÔ∏è these id‚Ä¶ https://t.co/JHgRmK2YRE,--
2019-10-30 06:12:06,@sweetpmac @TodayFM A way to recycle plastic bottles into bricks for construction for dividers between dual carriageway/ motorways,--
2019-10-30 05:39:53,Delighted to lead workshops at  #ivco2019 drawing on @Comhlamh learning from the framings provided by the decolonia‚Ä¶ https://t.co/crJ8J35RtQ,--
2019-10-30 05:39:53,Delighted to meet up with Helene Perold @Vosesacommunity who co-authored excellent paper for #Ivco2019.‚Ä¶ https://t.co/1LYTsaaQeG,--
2019-10-30 05:20:46,"Suicide bombers have become a renewable resource, but who is buying their souls, and why?

A roller coaster ride of‚Ä¶ https://t.co/BcZZxGzRV1",--
2019-10-30 02:34:15,Climate change? Here,--
2019-10-30 00:53:27,This is happening globally and we still have people that are falt out denying climate change is even happening even‚Ä¶ https://t.co/t97OqlgAIG,--
2019-10-30 00:35:08,@TinaMurnotbot Most people cannot afford to buy electric vehicles. If bus lanes are also used for electric vehicles‚Ä¶ https://t.co/UNA85EK5NX,--
2019-10-30 00:29:01,One of the most affecting documentaries I‚Äôve ever watched was ‚ÄòThe Last Mountain‚Äô. About the environmental &amp; social‚Ä¶ https://t.co/RAFVpb2fGH,--
2019-10-30 00:14:27,@realDonaldTrump The EPA May take issue with you for depriving so many bottom-feeders of an ecosystem (but it‚Äôs a d‚Ä¶ https://t.co/KFfr3f3YmC,--
2019-10-30 00:03:03,@CiaraOGrady3 @Joan_OD @Martinasheehan5 @MarieKenn80 Powerfully insights into farming in a low carbon environment a‚Ä¶ https://t.co/5GZEjJ5YC2,--
2019-10-29 23:48:13,The Minister seems to think that we must do whatever we can to incentivise people to switch to electric vehicles. W‚Ä¶ https://t.co/bI3lr9AGCx,--
2019-10-29 23:39:34,@TomRaftery @Nespresso Aren‚Äôt those capsules really really bad environmentally speaking ?,--
2019-10-29 23:24:50,@wealdengirl The environmentalists and Green party overlook the environmental degradation caused by Gaza militants‚Ä¶ https://t.co/15KUNIlwHX,--
2019-10-29 23:23:52,Greens put pressure on EPA to tackle Waterford air pollution https://t.co/sQ6OE2POoy,--
2019-10-29 23:09:47,"WHAT PEOPLE MUST REALISE IS THAT CAPITALISM IS OVER IF WE CARE ABOUT CLIMATE CHANGE

The two don",--
2019-10-29 22:58:15,"@CollieMcLovin @DDown78019988 @LeoVaradkar Keep up the regs in Dublin, for noise pollution reasons etc. Dereg in pl‚Ä¶ https://t.co/BbuI8C2XG4",--
2019-10-29 22:55:00,EGU to offset the travel emissions of every General Assembly participant: https://t.co/4UXUIz7yTn via @EuroGeosciences,--
2019-10-29 22:50:09,@TomRaftery @mickmuldoon @Nespresso It‚Äôs probably mother earths way of saying you‚Äôre destroying the environment wit‚Ä¶ https://t.co/jOaeK74v6P,--
2019-10-29 22:47:57,Extra ‚Ç¨35m bill in 2020: FCI voices fury at ‚Äòinequitable‚Äô carbon tax https://t.co/JefoYAkP1g #agriland,--
2019-10-29 22:42:47,@ianoriordan @IrishTimesSport After the environmental fiasco of Sunday. THIS. So if you have have run all 40 Dublin‚Ä¶ https://t.co/6xwaP55Yqp,--
2019-10-29 22:42:43,These are supposed to be the people driving environmental action in Ireland. Instead we,--
2019-10-29 22:36:10,"@Icfcsam Leicester the only team that acc can challenge City for the Carabao cup this year , we could aswell but Ju‚Ä¶ https://t.co/gDK17jErtK",--
2019-10-29 22:13:06,"@PaulDalyROI @TaxandLegal @OCallaghanCian But, right now, increasing solar and wind, and transport that is low co2‚Ä¶ https://t.co/9RTRBwORVu",--
2019-10-29 22:10:19,@john_mcguirk @whammo86 I take it we won‚Äôt be allowing the elderly to vote on anything impacted by climate change so?,--
2019-10-29 22:09:13,@DanielTMurray Would not be the first time that the govt allowed one sector to continue growing its emissions while‚Ä¶ https://t.co/Fps2xU3b5P,--
2019-10-29 22:03:58,@ConnemaraFarmer @vidabailey2 But could allow ‚Äòproductive land‚Äô payment from one source and ‚Äòbiodiversity land‚Äô pay‚Ä¶ https://t.co/MX0ojRy8Or,--
2019-10-29 22:00:14,"‚ÄòSustainability has 3 components, 1)